filepath,cluster,weak_label,distance
\Users\emman\Formation\P7 SSL\mri_dataset_brain_cancer_oc\sans_label\Unsorted\00366e8d-5520-4d3c-a70b-91a7eec1f521.jpg,0,1,21.356153
\Users\emman\Formation\P7 SSL\mri_dataset_brain_cancer_oc\sans_label\Unsorted\00455a62-f79f-4072-9a23-4951e759acdc.jpg,1,0,14.821634
\Users\emman\Formation\P7 SSL\mri_dataset_brain_cancer_oc\sans_label\Unsorted\004ce5f5-ca6b-490f-9b2f-c322c152e2ee.jpg,0,1,15.216763
\Users\emman\Formation\P7 SSL\mri_dataset_brain_cancer_oc\sans_label\Unsorted\009eac4a-c951-4da9-852a-b32e9ce20c6e.jpg,0,1,18.38933
\Users\emman\Formation\P7 SSL\mri_dataset_brain_cancer_oc\sans_label\Unsorted\0208c07c-bc4b-4741-ad0f-d5beeb18cc52.jpg,0,1,17.828232
\Users\emman\Formation\P7 SSL\mri_dataset_brain_cancer_oc\sans_label\Unsorted\030d0b45-ee70-41f9-9e56-2581052b2c18.jpg,0,1,18.576025
\Users\emman\Formation\P7 SSL\mri_dataset_brain_cancer_oc\sans_label\Unsorted\03bd85ef-651a-4f93-8569-786dbfd37965.jpg,1,0,21.39238
\Users\emman\Formation\P7 SSL\mri_dataset_brain_cancer_oc\sans_label\Unsorted\03c5ec29-9720-4c07-a8e1-4a8a70852f40.jpg,1,0,22.352167
\Users\emman\Formation\P7 SSL\mri_dataset_brain_cancer_oc\sans_label\Unsorted\04b806ad-e6ed-47bc-a2e8-ce0d2d790de4.jpg,1,0,20.104801
\Users\emman\Formation\P7 SSL\mri_dataset_brain_cancer_oc\sans_label\Unsorted\04d0fcb7-0b6c-4c7b-8dd2-aa70037a0b29.jpg,1,0,18.157454
\Users\emman\Formation\P7 SSL\mri_dataset_brain_cancer_oc\sans_label\Unsorted\04dd2b78-0aa3-4364-b762-21a6e71d3658.jpg,1,0,28.673527
\Users\emman\Formation\P7 SSL\mri_dataset_brain_cancer_oc\sans_label\Unsorted\0598d2d0-ffa7-4d6a-9a58-0fb41dc6536e.jpg,0,1,16.188854
\Users\emman\Formation\P7 SSL\mri_dataset_brain_cancer_oc\sans_label\Unsorted\05e808fc-a00c-4f1e-9682-1f73915f6902.jpg,0,1,31.390057
\Users\emman\Formation\P7 SSL\mri_dataset_brain_cancer_oc\sans_label\Unsorted\063a6210-0d77-4f8d-96ea-6a4814c37995.jpg,1,0,22.245003
\Users\emman\Formation\P7 SSL\mri_dataset_brain_cancer_oc\sans_label\Unsorted\06738ba6-51e3-493c-a215-6fcd19d005ca.jpg,0,1,25.24016
\Users\emman\Formation\P7 SSL\mri_dataset_brain_cancer_oc\sans_label\Unsorted\06a76102-9548-4dab-9572-e78259fa082e.jpg,1,0,14.421624
\Users\emman\Formation\P7 SSL\mri_dataset_brain_cancer_oc\sans_label\Unsorted\06b17341-f3bb-4f31-8198-1ebdccbe2367.jpg,0,1,21.292858
\Users\emman\Formation\P7 SSL\mri_dataset_brain_cancer_oc\sans_label\Unsorted\06c78a2d-9a5c-4249-b2ea-a4b267021c70.jpg,1,0,17.365734
\Users\emman\Formation\P7 SSL\mri_dataset_brain_cancer_oc\sans_label\Unsorted\070e4686-675c-4c4a-a61b-d9d8ed236c7a.jpg,1,0,24.712723
\Users\emman\Formation\P7 SSL\mri_dataset_brain_cancer_oc\sans_label\Unsorted\0746ecad-9485-4245-a119-cdbe6f074d7a.jpg,1,0,24.99384
\Users\emman\Formation\P7 SSL\mri_dataset_brain_cancer_oc\sans_label\Unsorted\07eab220-96c1-466e-b2eb-ab8789548e89.jpg,1,0,14.396934
\Users\emman\Formation\P7 SSL\mri_dataset_brain_cancer_oc\sans_label\Unsorted\07ee903a-9246-4463-8250-6cd90eeaf08c.jpg,0,1,16.54129
\Users\emman\Formation\P7 SSL\mri_dataset_brain_cancer_oc\sans_label\Unsorted\0822f067-f5e2-477d-8005-3ad857c4c1fa.jpg,1,0,18.396599
\Users\emman\Formation\P7 SSL\mri_dataset_brain_cancer_oc\sans_label\Unsorted\0905a879-d869-4756-ab7a-b2f01e7dd122.jpg,1,0,23.403685
\Users\emman\Formation\P7 SSL\mri_dataset_brain_cancer_oc\sans_label\Unsorted\096ae32e-065a-4a00-959a-e63b1b5c77d6.jpg,1,0,16.738676
\Users\emman\Formation\P7 SSL\mri_dataset_brain_cancer_oc\sans_label\Unsorted\09d56396-71e1-4c05-bf3f-ad755cb175a3.jpg,1,0,24.72835
\Users\emman\Formation\P7 SSL\mri_dataset_brain_cancer_oc\sans_label\Unsorted\09dece73-b184-494f-b636-f5d3113b6f3e.jpg,1,0,14.360819
\Users\emman\Formation\P7 SSL\mri_dataset_brain_cancer_oc\sans_label\Unsorted\101be262-63cd-4a5d-ba17-15a92e881c50.jpg,0,1,19.838602
\Users\emman\Formation\P7 SSL\mri_dataset_brain_cancer_oc\sans_label\Unsorted\107d8f7a-af33-493c-aed2-895db3dd948f.jpg,1,0,26.103268
\Users\emman\Formation\P7 SSL\mri_dataset_brain_cancer_oc\sans_label\Unsorted\10ac7600-4206-4e17-a866-e4bbc536eaa7.jpg,1,0,29.39003
\Users\emman\Formation\P7 SSL\mri_dataset_brain_cancer_oc\sans_label\Unsorted\111a5049-e459-445e-919c-28af38320bd1.jpg,0,1,22.716415
\Users\emman\Formation\P7 SSL\mri_dataset_brain_cancer_oc\sans_label\Unsorted\1194593c-7ccd-4bbd-bbec-fd08b75afe1e.jpg,0,1,18.974293
\Users\emman\Formation\P7 SSL\mri_dataset_brain_cancer_oc\sans_label\Unsorted\11f03e5d-e170-46cd-a732-e0a47e31ddd0.jpg,1,0,20.790693
\Users\emman\Formation\P7 SSL\mri_dataset_brain_cancer_oc\sans_label\Unsorted\11f2b893-2739-4cef-9433-3b4a724270e9.jpg,0,1,15.716151
\Users\emman\Formation\P7 SSL\mri_dataset_brain_cancer_oc\sans_label\Unsorted\12067690-f1f6-4efc-b570-afc510336f10.jpg,1,0,26.608822
\Users\emman\Formation\P7 SSL\mri_dataset_brain_cancer_oc\sans_label\Unsorted\122a8afc-70ef-4cab-ba59-fc621d43fe19.jpg,1,0,21.55601
\Users\emman\Formation\P7 SSL\mri_dataset_brain_cancer_oc\sans_label\Unsorted\13eb3ad4-a065-4e25-888f-b125463dba24.jpg,0,1,19.550821
\Users\emman\Formation\P7 SSL\mri_dataset_brain_cancer_oc\sans_label\Unsorted\141ef676-419a-4247-af1b-b5635821ba29.jpg,1,0,15.673587
\Users\emman\Formation\P7 SSL\mri_dataset_brain_cancer_oc\sans_label\Unsorted\14f9055c-e72f-4d6e-8120-3cabaa1a1911.jpg,1,0,22.377325
\Users\emman\Formation\P7 SSL\mri_dataset_brain_cancer_oc\sans_label\Unsorted\15127f32-b7fc-4c5a-9721-c885bfedef71.jpg,1,0,22.255896
\Users\emman\Formation\P7 SSL\mri_dataset_brain_cancer_oc\sans_label\Unsorted\16a16991-7c89-47c9-b96d-256ea1566f7c.jpg,1,0,26.818638
\Users\emman\Formation\P7 SSL\mri_dataset_brain_cancer_oc\sans_label\Unsorted\16c95930-a0c3-49d7-9d09-813d796db9e7.jpg,0,1,17.475422
\Users\emman\Formation\P7 SSL\mri_dataset_brain_cancer_oc\sans_label\Unsorted\16d0e74d-62f5-40d8-8f2f-3ca4752c3203.jpg,1,0,21.55661
\Users\emman\Formation\P7 SSL\mri_dataset_brain_cancer_oc\sans_label\Unsorted\176911ef-fb4a-4bd2-b480-df63e7ef8ea7.jpg,1,0,28.062477
\Users\emman\Formation\P7 SSL\mri_dataset_brain_cancer_oc\sans_label\Unsorted\1782f7fc-1cda-46c0-a644-e2d6d6ab8301.jpg,0,1,18.873604
\Users\emman\Formation\P7 SSL\mri_dataset_brain_cancer_oc\sans_label\Unsorted\18011cd7-53f6-4189-93f0-9e5456154720.jpg,1,0,27.013926
\Users\emman\Formation\P7 SSL\mri_dataset_brain_cancer_oc\sans_label\Unsorted\18599c4b-13b7-434f-a6fc-4ab53c41aa95.jpg,1,0,31.592617
\Users\emman\Formation\P7 SSL\mri_dataset_brain_cancer_oc\sans_label\Unsorted\1890fd3b-fbd5-49e8-86d8-ffedb7e73814.jpg,1,0,28.492214
\Users\emman\Formation\P7 SSL\mri_dataset_brain_cancer_oc\sans_label\Unsorted\189fe672-dc1c-48b9-a4e7-aaa7ebee30f3.jpg,1,0,23.526842
\Users\emman\Formation\P7 SSL\mri_dataset_brain_cancer_oc\sans_label\Unsorted\194106ce-8b9a-4a6f-b82d-643f09169c9f.jpg,1,0,23.459856
\Users\emman\Formation\P7 SSL\mri_dataset_brain_cancer_oc\sans_label\Unsorted\195f3bcf-ce89-41d8-a330-8fe8389a9a63.jpg,1,0,22.965645
\Users\emman\Formation\P7 SSL\mri_dataset_brain_cancer_oc\sans_label\Unsorted\19c67523-55dc-44b2-8887-a1e7f3f7eddf.jpg,0,1,16.850075
\Users\emman\Formation\P7 SSL\mri_dataset_brain_cancer_oc\sans_label\Unsorted\2003b9d5-b9f6-40c3-b0e1-dd6118850112.jpg,1,0,13.15018
\Users\emman\Formation\P7 SSL\mri_dataset_brain_cancer_oc\sans_label\Unsorted\20f6276d-b530-40a1-9000-6fa99c78af38.jpg,1,0,13.360953
\Users\emman\Formation\P7 SSL\mri_dataset_brain_cancer_oc\sans_label\Unsorted\21012c06-2739-4789-8c6c-7d9dd3a8c0c9.jpg,0,1,18.517082
\Users\emman\Formation\P7 SSL\mri_dataset_brain_cancer_oc\sans_label\Unsorted\210facbb-8d77-4a08-9f8e-f52d0c9872c9.jpg,0,1,19.096828
\Users\emman\Formation\P7 SSL\mri_dataset_brain_cancer_oc\sans_label\Unsorted\214ae8cc-6d28-4f2a-8172-7023efb00d06.jpg,1,0,23.615343
\Users\emman\Formation\P7 SSL\mri_dataset_brain_cancer_oc\sans_label\Unsorted\2150e80f-cc5c-4be3-a102-f288c418631c.jpg,0,1,18.930555
\Users\emman\Formation\P7 SSL\mri_dataset_brain_cancer_oc\sans_label\Unsorted\21915aea-8e4a-462a-a9f0-f28f88d739a5.jpg,0,1,13.060144
\Users\emman\Formation\P7 SSL\mri_dataset_brain_cancer_oc\sans_label\Unsorted\21e0f7bc-571d-4917-b59d-94acf6e2ebb6.jpg,1,0,20.161922
\Users\emman\Formation\P7 SSL\mri_dataset_brain_cancer_oc\sans_label\Unsorted\224880e9-c10f-4de6-b2f2-32d06dd8a295.jpg,1,0,24.265757
\Users\emman\Formation\P7 SSL\mri_dataset_brain_cancer_oc\sans_label\Unsorted\227fd1b8-0717-4aad-839f-606c00e59b2c.jpg,0,1,23.21541
\Users\emman\Formation\P7 SSL\mri_dataset_brain_cancer_oc\sans_label\Unsorted\22efad41-71a8-4ac4-8ba7-731a22fc8f0f.jpg,1,0,30.57417
\Users\emman\Formation\P7 SSL\mri_dataset_brain_cancer_oc\sans_label\Unsorted\23506eb1-8cd8-4558-836c-1835ee1ca61b.jpg,0,1,30.599064
\Users\emman\Formation\P7 SSL\mri_dataset_brain_cancer_oc\sans_label\Unsorted\2376fe70-b559-4581-bb79-205dc68cb714.jpg,1,0,28.484938
\Users\emman\Formation\P7 SSL\mri_dataset_brain_cancer_oc\sans_label\Unsorted\23ca8438-4ed8-44b3-98fc-be7c9ec11e73.jpg,1,0,20.551382
\Users\emman\Formation\P7 SSL\mri_dataset_brain_cancer_oc\sans_label\Unsorted\2430d4d6-160d-4b17-b479-6ba9a4181379.jpg,0,1,19.695131
\Users\emman\Formation\P7 SSL\mri_dataset_brain_cancer_oc\sans_label\Unsorted\2433d50c-ce05-4641-8db6-515a8a1bf78e.jpg,0,1,18.912445
\Users\emman\Formation\P7 SSL\mri_dataset_brain_cancer_oc\sans_label\Unsorted\24747dd0-93e1-43bd-b824-15b973b1585e.jpg,1,0,21.528297
\Users\emman\Formation\P7 SSL\mri_dataset_brain_cancer_oc\sans_label\Unsorted\249b655c-d37c-4e75-be45-0e687624b238.jpg,0,1,16.740915
\Users\emman\Formation\P7 SSL\mri_dataset_brain_cancer_oc\sans_label\Unsorted\24e82706-723d-419a-8f93-519ebabbd8a4.jpg,1,0,14.354939
\Users\emman\Formation\P7 SSL\mri_dataset_brain_cancer_oc\sans_label\Unsorted\2572db89-6df6-47a4-b395-a834b8541a28.jpg,1,0,26.8899
\Users\emman\Formation\P7 SSL\mri_dataset_brain_cancer_oc\sans_label\Unsorted\269f1282-607d-4700-a8fa-3b560422946c.jpg,1,0,23.83402
\Users\emman\Formation\P7 SSL\mri_dataset_brain_cancer_oc\sans_label\Unsorted\26ff3a8d-93cb-43de-aa5a-e71b74348b3b.jpg,1,0,25.806007
\Users\emman\Formation\P7 SSL\mri_dataset_brain_cancer_oc\sans_label\Unsorted\27ca19d4-03b2-4968-90c0-855c32d76c13.jpg,0,1,18.216446
\Users\emman\Formation\P7 SSL\mri_dataset_brain_cancer_oc\sans_label\Unsorted\27d67b82-affc-4e61-862d-6e2945bede3c.jpg,1,0,21.629507
\Users\emman\Formation\P7 SSL\mri_dataset_brain_cancer_oc\sans_label\Unsorted\281e0073-c700-4afe-80a6-560e62e13c9a.jpg,1,0,21.594034
\Users\emman\Formation\P7 SSL\mri_dataset_brain_cancer_oc\sans_label\Unsorted\28f55fc6-1d27-4aed-9b19-96b9075a5622.jpg,0,1,14.825741
\Users\emman\Formation\P7 SSL\mri_dataset_brain_cancer_oc\sans_label\Unsorted\2912ea6b-9800-49be-95bf-43b21cc4d196.jpg,1,0,14.561241
\Users\emman\Formation\P7 SSL\mri_dataset_brain_cancer_oc\sans_label\Unsorted\2918e699-5fee-4936-90a8-7e61827ee531.jpg,1,0,21.488766
\Users\emman\Formation\P7 SSL\mri_dataset_brain_cancer_oc\sans_label\Unsorted\29db9197-93a5-47c7-bb20-038cf02d25a1.jpg,1,0,22.332949
\Users\emman\Formation\P7 SSL\mri_dataset_brain_cancer_oc\sans_label\Unsorted\2eadfe64-153b-4bd5-901e-13081fb7255b.jpg,1,0,15.189704
\Users\emman\Formation\P7 SSL\mri_dataset_brain_cancer_oc\sans_label\Unsorted\2eba5393-94d5-4341-b3cd-2f6f26e27b78.jpg,0,1,16.730549
\Users\emman\Formation\P7 SSL\mri_dataset_brain_cancer_oc\sans_label\Unsorted\2ebe1d0a-8b43-4ca1-b375-8aad317ab286.jpg,1,0,21.52698
\Users\emman\Formation\P7 SSL\mri_dataset_brain_cancer_oc\sans_label\Unsorted\2f0c7977-339e-4e46-b412-c8fd1a8d05b0.jpg,1,0,25.592842
\Users\emman\Formation\P7 SSL\mri_dataset_brain_cancer_oc\sans_label\Unsorted\2f4afc63-e538-4ff1-9171-cfec5ea3ac60.jpg,1,0,23.406693
\Users\emman\Formation\P7 SSL\mri_dataset_brain_cancer_oc\sans_label\Unsorted\2f8b9176-5606-4628-9a01-8ba1870e4eba.jpg,1,0,15.960353
\Users\emman\Formation\P7 SSL\mri_dataset_brain_cancer_oc\sans_label\Unsorted\2fac4138-8d2b-45bb-811b-0f0890b0af58.jpg,1,0,15.107274
\Users\emman\Formation\P7 SSL\mri_dataset_brain_cancer_oc\sans_label\Unsorted\3058ed0b-2e00-4383-9cb6-8d425be1d69b.jpg,1,0,27.42355
\Users\emman\Formation\P7 SSL\mri_dataset_brain_cancer_oc\sans_label\Unsorted\30c19127-f3e9-421f-9847-dcf07db7d493.jpg,0,1,21.56837
\Users\emman\Formation\P7 SSL\mri_dataset_brain_cancer_oc\sans_label\Unsorted\30f4d898-458b-420e-b687-9fd4a12eedcc.jpg,1,0,19.197765
\Users\emman\Formation\P7 SSL\mri_dataset_brain_cancer_oc\sans_label\Unsorted\30ffee72-6e84-4d01-88a3-a09769c1b6cf.jpg,0,1,17.458073
\Users\emman\Formation\P7 SSL\mri_dataset_brain_cancer_oc\sans_label\Unsorted\31456af0-7c27-436d-9ca4-d9bb1477ad63.jpg,1,0,22.799501
\Users\emman\Formation\P7 SSL\mri_dataset_brain_cancer_oc\sans_label\Unsorted\31cb7436-c933-4e01-a60a-d8e7ede8fe68.jpg,1,0,24.038214
\Users\emman\Formation\P7 SSL\mri_dataset_brain_cancer_oc\sans_label\Unsorted\31d0ec8d-0411-438f-9ab2-ac02f0bb5775.jpg,1,0,20.783121
\Users\emman\Formation\P7 SSL\mri_dataset_brain_cancer_oc\sans_label\Unsorted\31e15e3c-5481-462d-99cb-29091c42cab8.jpg,1,0,17.809326
\Users\emman\Formation\P7 SSL\mri_dataset_brain_cancer_oc\sans_label\Unsorted\322e02de-5c43-40b3-ba94-1c8992d000a9.jpg,1,0,19.090364
\Users\emman\Formation\P7 SSL\mri_dataset_brain_cancer_oc\sans_label\Unsorted\32caf3b1-12a7-4479-8100-ba6bc4871c19.jpg,1,0,21.360067
\Users\emman\Formation\P7 SSL\mri_dataset_brain_cancer_oc\sans_label\Unsorted\32e39df2-7d70-4840-9499-a67e3732c15e.jpg,0,1,13.123229
\Users\emman\Formation\P7 SSL\mri_dataset_brain_cancer_oc\sans_label\Unsorted\3387325e-d04f-474f-b92c-ddcd30ec1459.jpg,1,0,20.71187
\Users\emman\Formation\P7 SSL\mri_dataset_brain_cancer_oc\sans_label\Unsorted\33a155f9-8a6b-44fc-a8ae-7113b07b8f91.jpg,0,1,18.212114
\Users\emman\Formation\P7 SSL\mri_dataset_brain_cancer_oc\sans_label\Unsorted\3439c8c8-38fc-4eee-9cf8-2aa45984ef2f.jpg,1,0,25.307579
\Users\emman\Formation\P7 SSL\mri_dataset_brain_cancer_oc\sans_label\Unsorted\349a5dee-ae7f-4de8-a34f-b34f593d1b60.jpg,1,0,14.801836
\Users\emman\Formation\P7 SSL\mri_dataset_brain_cancer_oc\sans_label\Unsorted\34e338eb-7878-434e-91c2-02c21dd0ef90.jpg,1,0,37.450554
\Users\emman\Formation\P7 SSL\mri_dataset_brain_cancer_oc\sans_label\Unsorted\3606e8dc-a4e9-445b-a8ee-bf5c97132bbd.jpg,0,1,25.26941
\Users\emman\Formation\P7 SSL\mri_dataset_brain_cancer_oc\sans_label\Unsorted\36237878-c00d-4943-9ae5-66858bf5f88c.jpg,1,0,20.233116
\Users\emman\Formation\P7 SSL\mri_dataset_brain_cancer_oc\sans_label\Unsorted\363de948-eb0e-44f4-91dd-c2dc770cd908.jpg,1,0,19.25497
\Users\emman\Formation\P7 SSL\mri_dataset_brain_cancer_oc\sans_label\Unsorted\39212733-698a-40da-9b79-43ba2eb9917c.jpg,0,1,12.170324
\Users\emman\Formation\P7 SSL\mri_dataset_brain_cancer_oc\sans_label\Unsorted\3a572471-d25c-44a5-a164-1c015e03e655.jpg,1,0,27.423548
\Users\emman\Formation\P7 SSL\mri_dataset_brain_cancer_oc\sans_label\Unsorted\3a6c4f41-df0e-4234-aff8-ada90e4a99db.jpg,1,0,17.95409
\Users\emman\Formation\P7 SSL\mri_dataset_brain_cancer_oc\sans_label\Unsorted\3afd9d56-d6e9-4d81-bdf7-2ee60e20f366.jpg,0,1,18.571333
\Users\emman\Formation\P7 SSL\mri_dataset_brain_cancer_oc\sans_label\Unsorted\3b0a6481-33b8-47b5-b1b5-a87f612468c8.jpg,0,1,12.166592
\Users\emman\Formation\P7 SSL\mri_dataset_brain_cancer_oc\sans_label\Unsorted\3b763d9e-91a1-403e-8c0c-edd716c08251.jpg,1,0,25.044033
\Users\emman\Formation\P7 SSL\mri_dataset_brain_cancer_oc\sans_label\Unsorted\3d09671b-9479-4ec9-a9cf-2934ad88657b.jpg,0,1,29.056145
\Users\emman\Formation\P7 SSL\mri_dataset_brain_cancer_oc\sans_label\Unsorted\3d6aa1fe-6c9f-4afa-a499-dc909d838e98.jpg,0,1,15.375697
\Users\emman\Formation\P7 SSL\mri_dataset_brain_cancer_oc\sans_label\Unsorted\3d793a95-4fa0-4cd9-8017-0dd7e5fd1d20.jpg,0,1,19.487387
\Users\emman\Formation\P7 SSL\mri_dataset_brain_cancer_oc\sans_label\Unsorted\3de3c09a-52bc-4915-bb84-61a0cfedf855.jpg,0,1,18.977139
\Users\emman\Formation\P7 SSL\mri_dataset_brain_cancer_oc\sans_label\Unsorted\3e3bc53d-e0df-450f-b93b-9d3e6060e195.jpg,1,0,29.099209
\Users\emman\Formation\P7 SSL\mri_dataset_brain_cancer_oc\sans_label\Unsorted\3ead2ab0-c386-48b7-8e2f-77b0a7219695.jpg,0,1,19.405102
\Users\emman\Formation\P7 SSL\mri_dataset_brain_cancer_oc\sans_label\Unsorted\3efef3cf-866e-477d-8371-ce2de57bdb8b.jpg,1,0,14.443674
\Users\emman\Formation\P7 SSL\mri_dataset_brain_cancer_oc\sans_label\Unsorted\3f29902a-53f3-4335-9b45-fea429402145.jpg,1,0,22.975603
\Users\emman\Formation\P7 SSL\mri_dataset_brain_cancer_oc\sans_label\Unsorted\3fc6f478-c3ef-4df8-a016-17c9c28805d5.jpg,0,1,21.045837
\Users\emman\Formation\P7 SSL\mri_dataset_brain_cancer_oc\sans_label\Unsorted\40a84ff8-47bf-4962-80d1-98ab2bf63a4d.jpg,1,0,32.968086
\Users\emman\Formation\P7 SSL\mri_dataset_brain_cancer_oc\sans_label\Unsorted\40b1313e-6c50-488f-9066-bfefc7c5b2e1.jpg,1,0,24.454102
\Users\emman\Formation\P7 SSL\mri_dataset_brain_cancer_oc\sans_label\Unsorted\40e7db67-c2e3-4f79-943d-d6ac5b35cf2e.jpg,1,0,24.748892
\Users\emman\Formation\P7 SSL\mri_dataset_brain_cancer_oc\sans_label\Unsorted\41393bf4-fb5c-46a7-8f81-5262658865f8.jpg,0,1,24.248886
\Users\emman\Formation\P7 SSL\mri_dataset_brain_cancer_oc\sans_label\Unsorted\4167f137-70aa-4295-9237-e6f3d8ddec87.jpg,0,1,15.217069
\Users\emman\Formation\P7 SSL\mri_dataset_brain_cancer_oc\sans_label\Unsorted\4171779c-96fe-4b29-afa0-c71919507cc3.jpg,0,1,10.516144
\Users\emman\Formation\P7 SSL\mri_dataset_brain_cancer_oc\sans_label\Unsorted\420bc65c-4456-45ff-b5b4-19ba112649c3.jpg,1,0,21.507479
\Users\emman\Formation\P7 SSL\mri_dataset_brain_cancer_oc\sans_label\Unsorted\4235abf9-6849-4a61-b70e-96317f1548c6.jpg,0,1,16.467636
\Users\emman\Formation\P7 SSL\mri_dataset_brain_cancer_oc\sans_label\Unsorted\425c79ee-7d27-4f56-bc4a-1379504fc2a7.jpg,1,0,39.66358
\Users\emman\Formation\P7 SSL\mri_dataset_brain_cancer_oc\sans_label\Unsorted\42d9ce05-9a99-4f86-b7fa-807a3f62396b.jpg,1,0,27.740936
\Users\emman\Formation\P7 SSL\mri_dataset_brain_cancer_oc\sans_label\Unsorted\438833fd-6e2c-4a08-915e-dd984764fa0e.jpg,1,0,19.803865
\Users\emman\Formation\P7 SSL\mri_dataset_brain_cancer_oc\sans_label\Unsorted\44139282-f2e8-4ab1-b16c-d459a0a33a89.jpg,0,1,18.225834
\Users\emman\Formation\P7 SSL\mri_dataset_brain_cancer_oc\sans_label\Unsorted\4424d3a7-1d99-4e69-9e1b-ca4b6f3c9cbf.jpg,1,0,23.720732
\Users\emman\Formation\P7 SSL\mri_dataset_brain_cancer_oc\sans_label\Unsorted\445cf17d-d94e-4c4d-928f-75ef64f771e9.jpg,0,1,12.197534
\Users\emman\Formation\P7 SSL\mri_dataset_brain_cancer_oc\sans_label\Unsorted\448dad51-615d-4a17-84bc-588412fb79f4.jpg,1,0,18.17327
\Users\emman\Formation\P7 SSL\mri_dataset_brain_cancer_oc\sans_label\Unsorted\45d918bb-f290-4a21-8cc9-a139377498d8.jpg,1,0,20.071112
\Users\emman\Formation\P7 SSL\mri_dataset_brain_cancer_oc\sans_label\Unsorted\470fdac5-3acb-4d5a-aa31-aaf866697c44.jpg,0,1,13.9218
\Users\emman\Formation\P7 SSL\mri_dataset_brain_cancer_oc\sans_label\Unsorted\473788b6-9e8e-449e-82fe-c4f75c13ad96.jpg,0,1,19.945568
\Users\emman\Formation\P7 SSL\mri_dataset_brain_cancer_oc\sans_label\Unsorted\478a4925-c244-4ad7-9df0-a22840d9a508.jpg,0,1,18.524569
\Users\emman\Formation\P7 SSL\mri_dataset_brain_cancer_oc\sans_label\Unsorted\48707112-26c5-4351-ba2d-ea391da2c900.jpg,1,0,16.872206
\Users\emman\Formation\P7 SSL\mri_dataset_brain_cancer_oc\sans_label\Unsorted\48db0c1b-9bf0-4260-8de9-59ba582b8c64.jpg,0,1,22.936583
\Users\emman\Formation\P7 SSL\mri_dataset_brain_cancer_oc\sans_label\Unsorted\4940c0e4-2564-446d-a31e-49730bace275.jpg,1,0,22.553883
\Users\emman\Formation\P7 SSL\mri_dataset_brain_cancer_oc\sans_label\Unsorted\49439d86-3c4a-4e7a-ae95-f5c545a07faf.jpg,0,1,12.171413
\Users\emman\Formation\P7 SSL\mri_dataset_brain_cancer_oc\sans_label\Unsorted\4969375d-41fa-4be7-bd79-ac39227781ab.jpg,0,1,22.146193
\Users\emman\Formation\P7 SSL\mri_dataset_brain_cancer_oc\sans_label\Unsorted\49a9090d-d087-46e5-9309-8a6ba68df5cb.jpg,1,0,23.678194
\Users\emman\Formation\P7 SSL\mri_dataset_brain_cancer_oc\sans_label\Unsorted\4a0dcb3d-b143-4a64-8665-d150a0397f9d.jpg,0,1,19.30651
\Users\emman\Formation\P7 SSL\mri_dataset_brain_cancer_oc\sans_label\Unsorted\4a4822ad-22e0-4dac-a072-18fe2824cc9f.jpg,1,0,27.005278
\Users\emman\Formation\P7 SSL\mri_dataset_brain_cancer_oc\sans_label\Unsorted\4a607152-f955-4c6c-becd-44d73e22988d.jpg,1,0,16.867823
\Users\emman\Formation\P7 SSL\mri_dataset_brain_cancer_oc\sans_label\Unsorted\4a84d005-84db-4ce5-81c1-ef1b39b9c219.jpg,1,0,23.017319
\Users\emman\Formation\P7 SSL\mri_dataset_brain_cancer_oc\sans_label\Unsorted\4ab4a1fe-973b-4d6f-9efd-3803308a3554.jpg,1,0,19.378069
\Users\emman\Formation\P7 SSL\mri_dataset_brain_cancer_oc\sans_label\Unsorted\4c7dd03b-a2d7-4008-9f72-b62d0f958e63.jpg,1,0,15.106047
\Users\emman\Formation\P7 SSL\mri_dataset_brain_cancer_oc\sans_label\Unsorted\4d16f5d0-bb48-4571-a231-ed67a5d6dd5e.jpg,1,0,25.846945
\Users\emman\Formation\P7 SSL\mri_dataset_brain_cancer_oc\sans_label\Unsorted\4d276aed-3ddd-4af8-a79b-2649a9cfcd2b.jpg,1,0,22.718586
\Users\emman\Formation\P7 SSL\mri_dataset_brain_cancer_oc\sans_label\Unsorted\4de2f2d2-e55a-419f-9180-cb248afd5546.jpg,0,1,28.170094
\Users\emman\Formation\P7 SSL\mri_dataset_brain_cancer_oc\sans_label\Unsorted\4dea203c-6caf-4232-a8d8-af8b1eb5b286.jpg,1,0,24.995548
\Users\emman\Formation\P7 SSL\mri_dataset_brain_cancer_oc\sans_label\Unsorted\4e2a2ed8-cc16-4b42-b67e-59f949e07654.jpg,1,0,17.431938
\Users\emman\Formation\P7 SSL\mri_dataset_brain_cancer_oc\sans_label\Unsorted\4e3b417f-147f-4fe8-8539-e21bdf25ae7c.jpg,1,0,17.541132
\Users\emman\Formation\P7 SSL\mri_dataset_brain_cancer_oc\sans_label\Unsorted\4e485909-c17c-473b-a216-2ff0609db39f.jpg,1,0,11.711789
\Users\emman\Formation\P7 SSL\mri_dataset_brain_cancer_oc\sans_label\Unsorted\4f5106a7-6369-43e6-88d8-d751965465ab.jpg,1,0,18.417274
\Users\emman\Formation\P7 SSL\mri_dataset_brain_cancer_oc\sans_label\Unsorted\4f57aa56-f70c-40b1-bf05-e8b4b5a96665.jpg,1,0,17.166632
\Users\emman\Formation\P7 SSL\mri_dataset_brain_cancer_oc\sans_label\Unsorted\4f957598-f192-4dca-863d-f854b6a794a5.jpg,0,1,21.117117
\Users\emman\Formation\P7 SSL\mri_dataset_brain_cancer_oc\sans_label\Unsorted\4ff27469-de3a-4025-8ae9-7ca95650115c.jpg,1,0,25.5277
\Users\emman\Formation\P7 SSL\mri_dataset_brain_cancer_oc\sans_label\Unsorted\5161b562-dee2-4274-bfa3-71ee764d2f3a.jpg,1,0,24.067814
\Users\emman\Formation\P7 SSL\mri_dataset_brain_cancer_oc\sans_label\Unsorted\51d94c32-e7d6-4c12-871f-60aa862442fe.jpg,1,0,14.163117
\Users\emman\Formation\P7 SSL\mri_dataset_brain_cancer_oc\sans_label\Unsorted\526c8abe-325b-4e72-bff7-3476900bee6c.jpg,1,0,15.109311
\Users\emman\Formation\P7 SSL\mri_dataset_brain_cancer_oc\sans_label\Unsorted\52b3b597-7397-4e1c-8e8b-8f8b84af20b7.jpg,1,0,27.03926
\Users\emman\Formation\P7 SSL\mri_dataset_brain_cancer_oc\sans_label\Unsorted\52cc60ff-dedd-4ed0-be2a-7538d2ed96d7.jpg,1,0,21.666113
\Users\emman\Formation\P7 SSL\mri_dataset_brain_cancer_oc\sans_label\Unsorted\52d8deef-b6a8-4772-8a02-be9a7f6b3741.jpg,1,0,14.618439
\Users\emman\Formation\P7 SSL\mri_dataset_brain_cancer_oc\sans_label\Unsorted\530336b1-b63c-4693-a842-088374c12d4b.jpg,0,1,17.864334
\Users\emman\Formation\P7 SSL\mri_dataset_brain_cancer_oc\sans_label\Unsorted\533b4415-879e-490c-b039-eb272938ba83.jpg,1,0,17.078962
\Users\emman\Formation\P7 SSL\mri_dataset_brain_cancer_oc\sans_label\Unsorted\53af10d9-bad5-48ff-ba27-f26153fb11a1.jpg,0,1,13.6090765
\Users\emman\Formation\P7 SSL\mri_dataset_brain_cancer_oc\sans_label\Unsorted\53e9498b-de30-45f9-9653-768b3838b364.jpg,1,0,28.965889
\Users\emman\Formation\P7 SSL\mri_dataset_brain_cancer_oc\sans_label\Unsorted\5408cb44-850a-49d9-8f6e-8e7d7d6ea44a.jpg,1,0,35.03555
\Users\emman\Formation\P7 SSL\mri_dataset_brain_cancer_oc\sans_label\Unsorted\553cf3fa-ab91-47b4-98c9-9e6c9f3c964f.jpg,1,0,20.867025
\Users\emman\Formation\P7 SSL\mri_dataset_brain_cancer_oc\sans_label\Unsorted\55938246-aacc-4725-8e13-59d3bfaaf974.jpg,1,0,24.220861
\Users\emman\Formation\P7 SSL\mri_dataset_brain_cancer_oc\sans_label\Unsorted\55e150d8-7be4-4d4b-88b9-8dfaf3ab7d86.jpg,1,0,24.712723
\Users\emman\Formation\P7 SSL\mri_dataset_brain_cancer_oc\sans_label\Unsorted\55ff4348-5711-47d8-9482-11fdfae5a64a.jpg,1,0,22.352425
\Users\emman\Formation\P7 SSL\mri_dataset_brain_cancer_oc\sans_label\Unsorted\56349c6c-aa8c-49a4-9112-f50938eecfed.jpg,1,0,22.579737
\Users\emman\Formation\P7 SSL\mri_dataset_brain_cancer_oc\sans_label\Unsorted\56c4e87b-d26c-4163-aad6-cc18cdb31c4d.jpg,0,1,18.451103
\Users\emman\Formation\P7 SSL\mri_dataset_brain_cancer_oc\sans_label\Unsorted\56e37c03-c9a4-4e39-8d6f-12bf8e03dcb4.jpg,0,1,12.3855095
\Users\emman\Formation\P7 SSL\mri_dataset_brain_cancer_oc\sans_label\Unsorted\56f2989c-2983-4d9e-8cfd-2aceae7cad0e.jpg,1,0,25.537739
\Users\emman\Formation\P7 SSL\mri_dataset_brain_cancer_oc\sans_label\Unsorted\57b499f8-f04b-4c6c-96ee-1ebf4eba5f12.jpg,1,0,26.712736
\Users\emman\Formation\P7 SSL\mri_dataset_brain_cancer_oc\sans_label\Unsorted\57e77227-39fe-4d00-9419-a6cbdbc33e16.jpg,1,0,16.96997
\Users\emman\Formation\P7 SSL\mri_dataset_brain_cancer_oc\sans_label\Unsorted\59012ec2-6d1a-49b9-b7d2-91095e72f177.jpg,1,0,17.93106
\Users\emman\Formation\P7 SSL\mri_dataset_brain_cancer_oc\sans_label\Unsorted\5917a21d-0a1e-4138-ab5d-0d0e29d32b6b.jpg,0,1,23.139486
\Users\emman\Formation\P7 SSL\mri_dataset_brain_cancer_oc\sans_label\Unsorted\592e9fb8-cf27-4acf-ab1f-7644e76ff88e.jpg,0,1,34.366528
\Users\emman\Formation\P7 SSL\mri_dataset_brain_cancer_oc\sans_label\Unsorted\5a3b10ea-d871-4565-ab46-604e9903f3ee.jpg,1,0,16.669712
\Users\emman\Formation\P7 SSL\mri_dataset_brain_cancer_oc\sans_label\Unsorted\5a4646c6-3d6e-43db-aab7-1205f7cca59b.jpg,1,0,21.429424
\Users\emman\Formation\P7 SSL\mri_dataset_brain_cancer_oc\sans_label\Unsorted\5a989308-5f9a-4528-9323-7a6c6547107d.jpg,1,0,23.158941
\Users\emman\Formation\P7 SSL\mri_dataset_brain_cancer_oc\sans_label\Unsorted\5aa75529-97ae-4f97-b1fd-50e0d070ba04.jpg,1,0,21.301386
\Users\emman\Formation\P7 SSL\mri_dataset_brain_cancer_oc\sans_label\Unsorted\5ad5d915-777b-4f36-84a1-2c019a869145.jpg,1,0,22.108912
\Users\emman\Formation\P7 SSL\mri_dataset_brain_cancer_oc\sans_label\Unsorted\5b819f6b-dd29-42b7-b4ac-29ef152bf6bb.jpg,1,0,21.041729
\Users\emman\Formation\P7 SSL\mri_dataset_brain_cancer_oc\sans_label\Unsorted\5ba37d73-71d7-42f0-9d4f-f5180e6aa90b.jpg,1,0,23.731504
\Users\emman\Formation\P7 SSL\mri_dataset_brain_cancer_oc\sans_label\Unsorted\5c4bac09-ff98-42e0-92d7-39d2795ce655.jpg,1,0,23.445917
\Users\emman\Formation\P7 SSL\mri_dataset_brain_cancer_oc\sans_label\Unsorted\5c9fe812-4d0a-4c85-b58a-e2e47b731aec.jpg,1,0,18.845705
\Users\emman\Formation\P7 SSL\mri_dataset_brain_cancer_oc\sans_label\Unsorted\5cab86f2-5334-48fa-89b8-29ec76dc8e0e.jpg,1,0,19.964832
\Users\emman\Formation\P7 SSL\mri_dataset_brain_cancer_oc\sans_label\Unsorted\5cd3ab20-9d14-41b8-a8f6-6a4656ff6037.jpg,0,1,20.572792
\Users\emman\Formation\P7 SSL\mri_dataset_brain_cancer_oc\sans_label\Unsorted\5d54c255-27b9-4656-9450-b0482579555a.jpg,1,0,19.258549
\Users\emman\Formation\P7 SSL\mri_dataset_brain_cancer_oc\sans_label\Unsorted\5d9c556c-ccf4-4960-a0c4-3fd6a3043fac.jpg,1,0,23.959993
\Users\emman\Formation\P7 SSL\mri_dataset_brain_cancer_oc\sans_label\Unsorted\5dd5c97a-611d-4503-b61b-41e0c3392f01.jpg,1,0,23.449394
\Users\emman\Formation\P7 SSL\mri_dataset_brain_cancer_oc\sans_label\Unsorted\5ddcb581-7e49-4d44-9cb0-ff728b2a0742.jpg,0,1,19.93982
\Users\emman\Formation\P7 SSL\mri_dataset_brain_cancer_oc\sans_label\Unsorted\5df0a274-ccd4-4403-ac8c-453f51ffeedc.jpg,1,0,20.15047
\Users\emman\Formation\P7 SSL\mri_dataset_brain_cancer_oc\sans_label\Unsorted\5e06645e-7143-415b-9489-eb075330037a.jpg,1,0,25.949429
\Users\emman\Formation\P7 SSL\mri_dataset_brain_cancer_oc\sans_label\Unsorted\5e0830ef-ca21-4640-9a17-5e696db5efa6.jpg,1,0,15.49725
\Users\emman\Formation\P7 SSL\mri_dataset_brain_cancer_oc\sans_label\Unsorted\5e507feb-4ab0-4ac8-b211-5f34dd99e490.jpg,0,1,18.27989
\Users\emman\Formation\P7 SSL\mri_dataset_brain_cancer_oc\sans_label\Unsorted\5ea43909-09a1-45a8-9d03-f3b9df576090.jpg,1,0,17.08382
\Users\emman\Formation\P7 SSL\mri_dataset_brain_cancer_oc\sans_label\Unsorted\5ee07b35-5f1b-4871-986f-9890511a6459.jpg,1,0,27.7959
\Users\emman\Formation\P7 SSL\mri_dataset_brain_cancer_oc\sans_label\Unsorted\5f4659b2-668e-4f60-829f-b8157dcc15fd.jpg,1,0,18.701813
\Users\emman\Formation\P7 SSL\mri_dataset_brain_cancer_oc\sans_label\Unsorted\5f4f7c1c-0ad6-4826-9a96-0c264d5f4b07.jpg,1,0,16.606598
\Users\emman\Formation\P7 SSL\mri_dataset_brain_cancer_oc\sans_label\Unsorted\5f7d15a8-3033-47f9-8afc-6e18d3652ce1.jpg,0,1,19.852644
\Users\emman\Formation\P7 SSL\mri_dataset_brain_cancer_oc\sans_label\Unsorted\5f80fa29-e2a3-4897-ac4e-d3ec50b42898.jpg,1,0,15.1480255
\Users\emman\Formation\P7 SSL\mri_dataset_brain_cancer_oc\sans_label\Unsorted\5fe1b066-348e-4ae9-b483-9fd19aeb670f.jpg,1,0,27.783293
\Users\emman\Formation\P7 SSL\mri_dataset_brain_cancer_oc\sans_label\Unsorted\6088b0d9-038a-4ad4-9f1d-24c6ecc01080.jpg,1,0,25.831358
\Users\emman\Formation\P7 SSL\mri_dataset_brain_cancer_oc\sans_label\Unsorted\60bee275-9a87-48eb-a18d-c2eb53ccc30f.jpg,1,0,20.758028
\Users\emman\Formation\P7 SSL\mri_dataset_brain_cancer_oc\sans_label\Unsorted\611cdb80-2293-4ba6-8b32-7d2943a1bb17.jpg,1,0,16.624935
\Users\emman\Formation\P7 SSL\mri_dataset_brain_cancer_oc\sans_label\Unsorted\61573140-5d9f-4678-96d9-2edd5b17cfe5.jpg,0,1,13.234153
\Users\emman\Formation\P7 SSL\mri_dataset_brain_cancer_oc\sans_label\Unsorted\61c75b00-ab30-4af7-9017-e4d2c000ec79.jpg,0,1,22.455229
\Users\emman\Formation\P7 SSL\mri_dataset_brain_cancer_oc\sans_label\Unsorted\61e529cd-243c-41a1-aab7-ad06eb8281bf.jpg,1,0,31.521042
\Users\emman\Formation\P7 SSL\mri_dataset_brain_cancer_oc\sans_label\Unsorted\62125f5d-8ac3-48a7-851b-ea7dde08bc50.jpg,1,0,18.543621
\Users\emman\Formation\P7 SSL\mri_dataset_brain_cancer_oc\sans_label\Unsorted\622159c6-bf81-4300-82ac-ec4583143d51.jpg,1,0,14.443675
\Users\emman\Formation\P7 SSL\mri_dataset_brain_cancer_oc\sans_label\Unsorted\63297907-41e2-4a9f-90a2-4343f07a1580.jpg,1,0,15.425046
\Users\emman\Formation\P7 SSL\mri_dataset_brain_cancer_oc\sans_label\Unsorted\63493130-2687-4ed7-90a0-c5f26adad303.jpg,1,0,28.683361
\Users\emman\Formation\P7 SSL\mri_dataset_brain_cancer_oc\sans_label\Unsorted\63f74ae7-15f3-40e6-90f8-850dd20dbb70.jpg,1,0,22.74244
\Users\emman\Formation\P7 SSL\mri_dataset_brain_cancer_oc\sans_label\Unsorted\64621ec7-b7c0-49ab-80d4-effba160d22c.jpg,1,0,20.781616
\Users\emman\Formation\P7 SSL\mri_dataset_brain_cancer_oc\sans_label\Unsorted\647895dc-e736-4a30-bc1b-71c5b3065b17.jpg,1,0,24.925808
\Users\emman\Formation\P7 SSL\mri_dataset_brain_cancer_oc\sans_label\Unsorted\65305eca-4322-433d-8b85-018e7f3b76c8.jpg,1,0,18.647923
\Users\emman\Formation\P7 SSL\mri_dataset_brain_cancer_oc\sans_label\Unsorted\65444b52-e69f-4a86-9a26-68ed2bf6addf.jpg,1,0,14.189499
\Users\emman\Formation\P7 SSL\mri_dataset_brain_cancer_oc\sans_label\Unsorted\65664115-d6c0-4d61-8708-1e8e36f1c193.jpg,0,1,15.808897
\Users\emman\Formation\P7 SSL\mri_dataset_brain_cancer_oc\sans_label\Unsorted\65d5aca4-a25f-4fa8-9b48-c5c46fadbf7a.jpg,1,0,22.352167
\Users\emman\Formation\P7 SSL\mri_dataset_brain_cancer_oc\sans_label\Unsorted\6617f4da-4eff-47cd-b82b-e805cf91133f.jpg,1,0,18.114622
\Users\emman\Formation\P7 SSL\mri_dataset_brain_cancer_oc\sans_label\Unsorted\6691bbb0-a19f-4ac0-abb6-5614543e173e.jpg,1,0,20.127645
\Users\emman\Formation\P7 SSL\mri_dataset_brain_cancer_oc\sans_label\Unsorted\66c8ed25-12ad-4966-a78e-e03e2f2d1052.jpg,1,0,21.034996
\Users\emman\Formation\P7 SSL\mri_dataset_brain_cancer_oc\sans_label\Unsorted\6825eab8-f17c-4521-a5b7-818729c0c5d9.jpg,1,0,16.089193
\Users\emman\Formation\P7 SSL\mri_dataset_brain_cancer_oc\sans_label\Unsorted\6835f69b-714e-4707-843c-3b11613a41ca.jpg,1,0,18.411299
\Users\emman\Formation\P7 SSL\mri_dataset_brain_cancer_oc\sans_label\Unsorted\68974c00-5555-4cda-907f-fa19e2ebba1d.jpg,1,0,19.202467
\Users\emman\Formation\P7 SSL\mri_dataset_brain_cancer_oc\sans_label\Unsorted\68c5d327-c169-40d6-b3e6-f0e2f1b3d61b.jpg,0,1,21.674913
\Users\emman\Formation\P7 SSL\mri_dataset_brain_cancer_oc\sans_label\Unsorted\694f4feb-433e-458a-8112-64c143ad8193.jpg,0,1,18.504103
\Users\emman\Formation\P7 SSL\mri_dataset_brain_cancer_oc\sans_label\Unsorted\696edec1-fa74-41ed-bf5d-f97cade93e84.jpg,0,1,21.128267
\Users\emman\Formation\P7 SSL\mri_dataset_brain_cancer_oc\sans_label\Unsorted\69abbee9-403a-4850-84e6-d7817ea07054.jpg,1,0,25.312685
\Users\emman\Formation\P7 SSL\mri_dataset_brain_cancer_oc\sans_label\Unsorted\69bbe849-f752-4ee7-890f-6bbba6638e28.jpg,1,0,18.85383
\Users\emman\Formation\P7 SSL\mri_dataset_brain_cancer_oc\sans_label\Unsorted\6a7044e6-3c4d-4116-a9a3-30cba4d29631.jpg,1,0,32.646416
\Users\emman\Formation\P7 SSL\mri_dataset_brain_cancer_oc\sans_label\Unsorted\6ac0eeae-9e1f-4553-9697-c6d1720fe07a.jpg,1,0,16.39721
\Users\emman\Formation\P7 SSL\mri_dataset_brain_cancer_oc\sans_label\Unsorted\6b0fca63-8a4d-42e1-9868-88574caae98b.jpg,1,0,32.221718
\Users\emman\Formation\P7 SSL\mri_dataset_brain_cancer_oc\sans_label\Unsorted\6b21bb22-dc60-4553-9d0a-887785ea9ad1.jpg,1,0,29.08152
\Users\emman\Formation\P7 SSL\mri_dataset_brain_cancer_oc\sans_label\Unsorted\6b28f672-9bbc-4716-98bc-ceae9b69fb7f.jpg,0,1,21.165882
\Users\emman\Formation\P7 SSL\mri_dataset_brain_cancer_oc\sans_label\Unsorted\6c2d1073-be0a-4fe8-b93f-2b6fdcbaa1ec.jpg,1,0,14.821634
\Users\emman\Formation\P7 SSL\mri_dataset_brain_cancer_oc\sans_label\Unsorted\6c2fefb9-b272-4ac9-ad8a-9ff7392fff20.jpg,0,1,17.595795
\Users\emman\Formation\P7 SSL\mri_dataset_brain_cancer_oc\sans_label\Unsorted\6c3376de-dc04-4a3f-9025-91bab1caeef1.jpg,0,1,17.255997
\Users\emman\Formation\P7 SSL\mri_dataset_brain_cancer_oc\sans_label\Unsorted\6c4e751a-c8c2-41f6-914b-81e86cf46ae1.jpg,1,0,14.604262
\Users\emman\Formation\P7 SSL\mri_dataset_brain_cancer_oc\sans_label\Unsorted\6c972558-ea9f-40d6-81a5-462f6027c0c7.jpg,1,0,23.206587
\Users\emman\Formation\P7 SSL\mri_dataset_brain_cancer_oc\sans_label\Unsorted\6d2dd6dd-cb52-449f-b878-be06d24c6f45.jpg,1,0,18.818094
\Users\emman\Formation\P7 SSL\mri_dataset_brain_cancer_oc\sans_label\Unsorted\6d54198f-6c33-4158-8c3b-41ae0528f76d.jpg,1,0,24.79475
\Users\emman\Formation\P7 SSL\mri_dataset_brain_cancer_oc\sans_label\Unsorted\6d6fe912-d114-48cd-8287-38fe3f715317.jpg,0,1,19.642288
\Users\emman\Formation\P7 SSL\mri_dataset_brain_cancer_oc\sans_label\Unsorted\6d76f746-5892-4047-baf4-f10e04f666b0.jpg,0,1,15.803576
\Users\emman\Formation\P7 SSL\mri_dataset_brain_cancer_oc\sans_label\Unsorted\6d811cfe-af52-429d-a172-5dc70ed3d171.jpg,0,1,19.032219
\Users\emman\Formation\P7 SSL\mri_dataset_brain_cancer_oc\sans_label\Unsorted\6decc05c-06d4-4f89-98e7-ac6683d105ff.jpg,1,0,32.221714
\Users\emman\Formation\P7 SSL\mri_dataset_brain_cancer_oc\sans_label\Unsorted\6e97f17a-b3c2-4cd6-a67b-c6d086eb07a3.jpg,1,0,17.500753
\Users\emman\Formation\P7 SSL\mri_dataset_brain_cancer_oc\sans_label\Unsorted\6f10035d-1478-441a-8129-b0c4c119615d.jpg,1,0,21.066446
\Users\emman\Formation\P7 SSL\mri_dataset_brain_cancer_oc\sans_label\Unsorted\6f5076f7-0726-4902-a8f9-e6ae2d73d300.jpg,1,0,22.09004
\Users\emman\Formation\P7 SSL\mri_dataset_brain_cancer_oc\sans_label\Unsorted\6f8b8969-a7da-4427-b0de-381f8bba0392.jpg,1,0,29.044947
\Users\emman\Formation\P7 SSL\mri_dataset_brain_cancer_oc\sans_label\Unsorted\6faf8336-a090-44fa-9199-4e861c75fd99.jpg,1,0,22.024136
\Users\emman\Formation\P7 SSL\mri_dataset_brain_cancer_oc\sans_label\Unsorted\6fd760c2-e08a-47de-a044-7934ef77f8f7.jpg,1,0,18.13095
\Users\emman\Formation\P7 SSL\mri_dataset_brain_cancer_oc\sans_label\Unsorted\70727332-b9d9-4641-9ee2-1c74a56740ad.jpg,1,0,22.830633
\Users\emman\Formation\P7 SSL\mri_dataset_brain_cancer_oc\sans_label\Unsorted\70a8c350-f1f7-4f3c-a258-04e128d81fd5.jpg,0,1,16.592957
\Users\emman\Formation\P7 SSL\mri_dataset_brain_cancer_oc\sans_label\Unsorted\70ce15fd-5ae1-4380-83dc-2fdb28af7fb8.jpg,0,1,18.654274
\Users\emman\Formation\P7 SSL\mri_dataset_brain_cancer_oc\sans_label\Unsorted\711759be-1114-4151-8738-f4196ea00d40.jpg,1,0,17.95409
\Users\emman\Formation\P7 SSL\mri_dataset_brain_cancer_oc\sans_label\Unsorted\71334459-58f0-4373-8805-6100e6d9b5ed.jpg,1,0,25.185965
\Users\emman\Formation\P7 SSL\mri_dataset_brain_cancer_oc\sans_label\Unsorted\71cc7faa-cfeb-4929-83dd-873d5853f05b.jpg,0,1,19.96248
\Users\emman\Formation\P7 SSL\mri_dataset_brain_cancer_oc\sans_label\Unsorted\7288246b-195b-43ba-856b-0828c6a4909c.jpg,1,0,24.698807
\Users\emman\Formation\P7 SSL\mri_dataset_brain_cancer_oc\sans_label\Unsorted\72ad582f-9c85-4ec4-8d90-8d0106b0c87c.jpg,1,0,29.26131
\Users\emman\Formation\P7 SSL\mri_dataset_brain_cancer_oc\sans_label\Unsorted\72da5ddd-59cb-48b1-b6f2-28251f644d68.jpg,1,0,21.667738
\Users\emman\Formation\P7 SSL\mri_dataset_brain_cancer_oc\sans_label\Unsorted\7308f105-d60e-40a8-a0d2-6416566053ca.jpg,1,0,21.62918
\Users\emman\Formation\P7 SSL\mri_dataset_brain_cancer_oc\sans_label\Unsorted\73be5c72-4e3c-45c2-9e60-b710ba23c1f8.jpg,1,0,24.09128
\Users\emman\Formation\P7 SSL\mri_dataset_brain_cancer_oc\sans_label\Unsorted\73c7dece-6cf7-419d-9879-0c029dbaea7d.jpg,0,1,14.446382
\Users\emman\Formation\P7 SSL\mri_dataset_brain_cancer_oc\sans_label\Unsorted\74f8ba3b-c1f4-4d7c-9fac-70848ca6a270.jpg,1,0,22.394253
\Users\emman\Formation\P7 SSL\mri_dataset_brain_cancer_oc\sans_label\Unsorted\754b5cb9-275c-43ac-943d-790d31e374c6.jpg,1,0,30.051104
\Users\emman\Formation\P7 SSL\mri_dataset_brain_cancer_oc\sans_label\Unsorted\755bc290-c99a-4898-b252-23d37614ee88.jpg,0,1,19.11816
\Users\emman\Formation\P7 SSL\mri_dataset_brain_cancer_oc\sans_label\Unsorted\75ee0f44-658d-4ae6-908f-3097b64e0cc4.jpg,1,0,17.57002
\Users\emman\Formation\P7 SSL\mri_dataset_brain_cancer_oc\sans_label\Unsorted\7679d4da-0ea0-419b-b948-05c360d205f6.jpg,0,1,15.92889
\Users\emman\Formation\P7 SSL\mri_dataset_brain_cancer_oc\sans_label\Unsorted\775a7d3f-98ab-4b64-a6fe-84e280a3480c.jpg,0,1,20.578485
\Users\emman\Formation\P7 SSL\mri_dataset_brain_cancer_oc\sans_label\Unsorted\776f811e-cd6f-4960-b570-cb74cef0a20e.jpg,1,0,27.703314
\Users\emman\Formation\P7 SSL\mri_dataset_brain_cancer_oc\sans_label\Unsorted\781965e8-8a71-434a-931c-a9c2a550570c.jpg,0,1,25.088196
\Users\emman\Formation\P7 SSL\mri_dataset_brain_cancer_oc\sans_label\Unsorted\78567fae-a1d9-46db-a7f1-e5c919ae5baf.jpg,1,0,24.684853
\Users\emman\Formation\P7 SSL\mri_dataset_brain_cancer_oc\sans_label\Unsorted\78ebd406-e28f-464f-8dd2-b0bdc6906e29.jpg,1,0,20.761759
\Users\emman\Formation\P7 SSL\mri_dataset_brain_cancer_oc\sans_label\Unsorted\78f5a709-7933-4269-b90f-7d7a656e2521.jpg,0,1,22.607073
\Users\emman\Formation\P7 SSL\mri_dataset_brain_cancer_oc\sans_label\Unsorted\79719c62-efcc-4dcb-b6e3-e4112378795e.jpg,1,0,17.65664
\Users\emman\Formation\P7 SSL\mri_dataset_brain_cancer_oc\sans_label\Unsorted\79b39b94-655d-44c1-869f-1dd073736ee2.jpg,0,1,14.265913
\Users\emman\Formation\P7 SSL\mri_dataset_brain_cancer_oc\sans_label\Unsorted\7a3d08fb-b6a9-4afa-816e-d8efef8ef1cb.jpg,1,0,25.66868
\Users\emman\Formation\P7 SSL\mri_dataset_brain_cancer_oc\sans_label\Unsorted\7b4c0b8b-e0b3-4b4b-b2fd-404824b3945c.jpg,0,1,18.03229
\Users\emman\Formation\P7 SSL\mri_dataset_brain_cancer_oc\sans_label\Unsorted\7c00276a-0708-4b7b-9035-43d973c8d174.jpg,1,0,19.701427
\Users\emman\Formation\P7 SSL\mri_dataset_brain_cancer_oc\sans_label\Unsorted\7c7b10b9-fede-44f1-808d-691e4abf9501.jpg,1,0,19.137402
\Users\emman\Formation\P7 SSL\mri_dataset_brain_cancer_oc\sans_label\Unsorted\7d258fda-1121-4de6-8463-9ea87d01c71b.jpg,1,0,25.5622
\Users\emman\Formation\P7 SSL\mri_dataset_brain_cancer_oc\sans_label\Unsorted\7d5333ae-3fe6-414f-b14f-0a1185927b13.jpg,1,0,20.740597
\Users\emman\Formation\P7 SSL\mri_dataset_brain_cancer_oc\sans_label\Unsorted\7d566399-8a85-4fec-bb32-00e5bb3101ac.jpg,1,0,16.954885
\Users\emman\Formation\P7 SSL\mri_dataset_brain_cancer_oc\sans_label\Unsorted\7e79b591-17a1-4687-aeff-f11849221fab.jpg,1,0,23.798988
\Users\emman\Formation\P7 SSL\mri_dataset_brain_cancer_oc\sans_label\Unsorted\7eefa981-4ca0-4fb1-b10c-ebb49db25b09.jpg,1,0,23.982485
\Users\emman\Formation\P7 SSL\mri_dataset_brain_cancer_oc\sans_label\Unsorted\7ff11209-fd8e-412f-935e-aaf635a25afa.jpg,1,0,18.413675
\Users\emman\Formation\P7 SSL\mri_dataset_brain_cancer_oc\sans_label\Unsorted\7ff9db72-554c-4cd2-8951-4753599ae67c.jpg,0,1,17.632586
\Users\emman\Formation\P7 SSL\mri_dataset_brain_cancer_oc\sans_label\Unsorted\8003f8a0-800d-41e3-98b6-4e69681b9a53.jpg,1,0,32.261555
\Users\emman\Formation\P7 SSL\mri_dataset_brain_cancer_oc\sans_label\Unsorted\8131dd8a-544c-47cb-b780-a970a3c6de3d.jpg,0,1,18.474297
\Users\emman\Formation\P7 SSL\mri_dataset_brain_cancer_oc\sans_label\Unsorted\81340784-52dc-4672-80aa-d3a2e01d1023.jpg,1,0,22.15245
\Users\emman\Formation\P7 SSL\mri_dataset_brain_cancer_oc\sans_label\Unsorted\8162c9e5-bae6-4c9c-8091-2e78b1d15cbf.jpg,1,0,23.974268
\Users\emman\Formation\P7 SSL\mri_dataset_brain_cancer_oc\sans_label\Unsorted\82903e03-950e-4a82-acde-768e5604b1d2.jpg,1,0,23.977812
\Users\emman\Formation\P7 SSL\mri_dataset_brain_cancer_oc\sans_label\Unsorted\82cac4d5-364b-45a3-b718-b605fe25a9a9.jpg,1,0,16.139973
\Users\emman\Formation\P7 SSL\mri_dataset_brain_cancer_oc\sans_label\Unsorted\8402b146-e427-4bba-9459-30d128dafd92.jpg,0,1,18.35167
\Users\emman\Formation\P7 SSL\mri_dataset_brain_cancer_oc\sans_label\Unsorted\8411d424-f38c-497c-aeab-30213125a487.jpg,1,0,26.391905
\Users\emman\Formation\P7 SSL\mri_dataset_brain_cancer_oc\sans_label\Unsorted\844735a2-b873-4bc8-b0c6-2022dd4517b5.jpg,1,0,28.401781
\Users\emman\Formation\P7 SSL\mri_dataset_brain_cancer_oc\sans_label\Unsorted\8495307e-e6a0-491e-a810-cca61958f4b2.jpg,1,0,26.073242
\Users\emman\Formation\P7 SSL\mri_dataset_brain_cancer_oc\sans_label\Unsorted\84e695d7-b3b6-4478-950b-8adb3128b4fb.jpg,1,0,20.733513
\Users\emman\Formation\P7 SSL\mri_dataset_brain_cancer_oc\sans_label\Unsorted\84edcdd6-224b-409c-a4f2-57754d14c097.jpg,1,0,22.433022
\Users\emman\Formation\P7 SSL\mri_dataset_brain_cancer_oc\sans_label\Unsorted\85d9cafc-64f4-4588-8300-7ddfc00e90fd.jpg,1,0,21.598589
\Users\emman\Formation\P7 SSL\mri_dataset_brain_cancer_oc\sans_label\Unsorted\85dda3ec-bac0-4bb0-bdb6-2fb214fc8f2e.jpg,0,1,14.902497
\Users\emman\Formation\P7 SSL\mri_dataset_brain_cancer_oc\sans_label\Unsorted\8622e150-72a8-4cf9-873c-290335a248af.jpg,1,0,33.248913
\Users\emman\Formation\P7 SSL\mri_dataset_brain_cancer_oc\sans_label\Unsorted\8694ce78-284d-4e82-8c9e-9f90d1efd760.jpg,1,0,24.51927
\Users\emman\Formation\P7 SSL\mri_dataset_brain_cancer_oc\sans_label\Unsorted\8757de5e-a7df-4668-bf5a-547e22d4533a.jpg,1,0,30.35614
\Users\emman\Formation\P7 SSL\mri_dataset_brain_cancer_oc\sans_label\Unsorted\87c90874-56bc-4562-8db9-19ee7d354fe3.jpg,0,1,14.805282
\Users\emman\Formation\P7 SSL\mri_dataset_brain_cancer_oc\sans_label\Unsorted\87caab74-b3e2-422b-af3a-0b253c9966c2.jpg,1,0,14.531271
\Users\emman\Formation\P7 SSL\mri_dataset_brain_cancer_oc\sans_label\Unsorted\885b0c52-8257-4511-bb61-5b773eec462e.jpg,1,0,24.254349
\Users\emman\Formation\P7 SSL\mri_dataset_brain_cancer_oc\sans_label\Unsorted\8885fcc6-68de-4743-985c-8cc88d02a579.jpg,1,0,28.3011
\Users\emman\Formation\P7 SSL\mri_dataset_brain_cancer_oc\sans_label\Unsorted\88fe5aaa-5b35-47e3-a28a-0b57fc9acabc.jpg,1,0,17.497026
\Users\emman\Formation\P7 SSL\mri_dataset_brain_cancer_oc\sans_label\Unsorted\895361c0-ffa8-4152-b0d0-53935ac35a88.jpg,0,1,17.699593
\Users\emman\Formation\P7 SSL\mri_dataset_brain_cancer_oc\sans_label\Unsorted\898c7fe5-19a1-4f37-9f4c-d5dd3edd1c84.jpg,0,1,19.504808
\Users\emman\Formation\P7 SSL\mri_dataset_brain_cancer_oc\sans_label\Unsorted\8a3db00b-8e54-41d5-8e58-d4c709f586bf.jpg,0,1,16.83407
\Users\emman\Formation\P7 SSL\mri_dataset_brain_cancer_oc\sans_label\Unsorted\8a856625-e977-47a7-bcb8-c6a5cf409c26.jpg,0,1,20.006195
\Users\emman\Formation\P7 SSL\mri_dataset_brain_cancer_oc\sans_label\Unsorted\8ad33b63-716b-44fd-b0d4-6024718a408f.jpg,1,0,20.967878
\Users\emman\Formation\P7 SSL\mri_dataset_brain_cancer_oc\sans_label\Unsorted\8adca915-7158-4d8e-8263-8d9cda2a5668.jpg,0,1,18.912642
\Users\emman\Formation\P7 SSL\mri_dataset_brain_cancer_oc\sans_label\Unsorted\8b22e623-fe9a-48de-a8a9-326baf91af63.jpg,1,0,27.104637
\Users\emman\Formation\P7 SSL\mri_dataset_brain_cancer_oc\sans_label\Unsorted\8b3d8a6a-0421-4824-ae1e-1f1d407fa5bc.jpg,0,1,22.160872
\Users\emman\Formation\P7 SSL\mri_dataset_brain_cancer_oc\sans_label\Unsorted\8b53b691-5bff-4dc5-8257-1116fac1509a.jpg,1,0,22.174023
\Users\emman\Formation\P7 SSL\mri_dataset_brain_cancer_oc\sans_label\Unsorted\8b9372c0-1cc2-4d55-b4cd-53cc82184050.jpg,0,1,20.85016
\Users\emman\Formation\P7 SSL\mri_dataset_brain_cancer_oc\sans_label\Unsorted\8bcb5cdf-2ef4-4b5a-8db2-4c9d3f851d41.jpg,0,1,20.291164
\Users\emman\Formation\P7 SSL\mri_dataset_brain_cancer_oc\sans_label\Unsorted\8c26875f-0282-44f9-9cc0-b8a7a9679098.jpg,0,1,21.33401
\Users\emman\Formation\P7 SSL\mri_dataset_brain_cancer_oc\sans_label\Unsorted\8c3b108d-9340-4274-b434-9c5346580098.jpg,1,0,20.142212
\Users\emman\Formation\P7 SSL\mri_dataset_brain_cancer_oc\sans_label\Unsorted\8c4761d3-28d0-483c-8d75-7e4facf21fbb.jpg,1,0,19.026354
\Users\emman\Formation\P7 SSL\mri_dataset_brain_cancer_oc\sans_label\Unsorted\8cd4ed59-139f-4290-8455-05132107b115.jpg,1,0,20.504854
\Users\emman\Formation\P7 SSL\mri_dataset_brain_cancer_oc\sans_label\Unsorted\8ceee2ff-68af-493a-b3cc-d92c0f718a93.jpg,0,1,27.337938
\Users\emman\Formation\P7 SSL\mri_dataset_brain_cancer_oc\sans_label\Unsorted\8d64b9fd-9f65-4814-aa6e-e94a7c47550b.jpg,1,0,17.497026
\Users\emman\Formation\P7 SSL\mri_dataset_brain_cancer_oc\sans_label\Unsorted\8d700c36-24aa-4b10-9f65-c988ad4cb3ab.jpg,1,0,19.46548
\Users\emman\Formation\P7 SSL\mri_dataset_brain_cancer_oc\sans_label\Unsorted\8d77b9ed-0a15-4521-84a1-088073e8ac47.jpg,1,0,25.700659
\Users\emman\Formation\P7 SSL\mri_dataset_brain_cancer_oc\sans_label\Unsorted\8d91658e-94c3-441d-a344-4b8be9885e74.jpg,0,1,19.351862
\Users\emman\Formation\P7 SSL\mri_dataset_brain_cancer_oc\sans_label\Unsorted\8e081513-46fe-441d-b4a0-54d770656a08.jpg,0,1,20.961327
\Users\emman\Formation\P7 SSL\mri_dataset_brain_cancer_oc\sans_label\Unsorted\8e4d9f11-5d50-4942-98f8-50458fd0974c.jpg,1,0,22.918045
\Users\emman\Formation\P7 SSL\mri_dataset_brain_cancer_oc\sans_label\Unsorted\920dfb02-bc48-41fd-8b13-cca63c4f7f89.jpg,0,1,24.080355
\Users\emman\Formation\P7 SSL\mri_dataset_brain_cancer_oc\sans_label\Unsorted\92100fd8-bdbd-49a3-bf65-3f66201a4f35.jpg,0,1,19.201132
\Users\emman\Formation\P7 SSL\mri_dataset_brain_cancer_oc\sans_label\Unsorted\927db685-b584-4440-b776-5be4edc3ce47.jpg,1,0,25.035273
\Users\emman\Formation\P7 SSL\mri_dataset_brain_cancer_oc\sans_label\Unsorted\92f7087b-c5ca-46f8-9f12-72ae7b6a438c.jpg,0,1,20.2518
\Users\emman\Formation\P7 SSL\mri_dataset_brain_cancer_oc\sans_label\Unsorted\931694a6-44e0-4a93-97c1-7f3d00e7e3c9.jpg,1,0,22.053207
\Users\emman\Formation\P7 SSL\mri_dataset_brain_cancer_oc\sans_label\Unsorted\9382e987-3df2-465a-8486-e696e4eeabfe.jpg,1,0,19.577162
\Users\emman\Formation\P7 SSL\mri_dataset_brain_cancer_oc\sans_label\Unsorted\94585a90-5f11-47ea-9561-450208426722.jpg,1,0,27.9177
\Users\emman\Formation\P7 SSL\mri_dataset_brain_cancer_oc\sans_label\Unsorted\9529bbba-150f-43eb-b28a-e80894439090.jpg,1,0,17.055975
\Users\emman\Formation\P7 SSL\mri_dataset_brain_cancer_oc\sans_label\Unsorted\95ac01c6-796a-4d8b-aef7-ffd7183d08da.jpg,0,1,14.4672365
\Users\emman\Formation\P7 SSL\mri_dataset_brain_cancer_oc\sans_label\Unsorted\95f9cab6-25fa-4b75-a824-d41b9e13bd61.jpg,0,1,10.070642
\Users\emman\Formation\P7 SSL\mri_dataset_brain_cancer_oc\sans_label\Unsorted\96dbf0e7-2219-4a39-b4f0-c6b8eab1f833.jpg,1,0,21.030645
\Users\emman\Formation\P7 SSL\mri_dataset_brain_cancer_oc\sans_label\Unsorted\974065d8-2b2e-40f2-ad74-be186b798088.jpg,1,0,24.225126
\Users\emman\Formation\P7 SSL\mri_dataset_brain_cancer_oc\sans_label\Unsorted\978715e7-db82-4910-a952-40498744ae1e.jpg,1,0,19.769299
\Users\emman\Formation\P7 SSL\mri_dataset_brain_cancer_oc\sans_label\Unsorted\9910a342-b82a-40e3-af17-13e22971b18f.jpg,1,0,21.637108
\Users\emman\Formation\P7 SSL\mri_dataset_brain_cancer_oc\sans_label\Unsorted\995e501d-00d3-4117-878f-457172204953.jpg,0,1,17.372185
\Users\emman\Formation\P7 SSL\mri_dataset_brain_cancer_oc\sans_label\Unsorted\99d4192d-8f01-4d1c-8447-1e848d1322c0.jpg,0,1,25.724855
\Users\emman\Formation\P7 SSL\mri_dataset_brain_cancer_oc\sans_label\Unsorted\9a5228be-dc9f-4d66-94df-38681337375a.jpg,0,1,18.203346
\Users\emman\Formation\P7 SSL\mri_dataset_brain_cancer_oc\sans_label\Unsorted\9af38262-36c2-4165-9e5b-bb44e762db16.jpg,0,1,14.060809
\Users\emman\Formation\P7 SSL\mri_dataset_brain_cancer_oc\sans_label\Unsorted\9b04b6c2-79c4-4837-9199-8b4104224743.jpg,0,1,23.402348
\Users\emman\Formation\P7 SSL\mri_dataset_brain_cancer_oc\sans_label\Unsorted\9b2736c3-5b1b-45fd-ba9b-b1b64228e999.jpg,1,0,13.156717
\Users\emman\Formation\P7 SSL\mri_dataset_brain_cancer_oc\sans_label\Unsorted\9c36dc3a-874d-4f12-957a-c5733f3ff4da.jpg,1,0,19.698214
\Users\emman\Formation\P7 SSL\mri_dataset_brain_cancer_oc\sans_label\Unsorted\9d34d3c6-d14d-4c5d-b2dd-6798af15e3a1.jpg,0,1,21.97164
\Users\emman\Formation\P7 SSL\mri_dataset_brain_cancer_oc\sans_label\Unsorted\9d438e7a-cc56-4688-995a-9af082b8ee1f.jpg,1,0,18.850569
\Users\emman\Formation\P7 SSL\mri_dataset_brain_cancer_oc\sans_label\Unsorted\9e3c9103-8fa7-4fa6-b253-30babf2718fc.jpg,1,0,21.957176
\Users\emman\Formation\P7 SSL\mri_dataset_brain_cancer_oc\sans_label\Unsorted\9e6efb0c-a87a-4c26-bcc0-263957bee67b.jpg,1,0,23.814623
\Users\emman\Formation\P7 SSL\mri_dataset_brain_cancer_oc\sans_label\Unsorted\9e990790-ab7d-449a-ac2d-8419f925614e.jpg,1,0,15.142013
\Users\emman\Formation\P7 SSL\mri_dataset_brain_cancer_oc\sans_label\Unsorted\9ebd9970-4cda-4cb9-8f08-b234eba80e5a.jpg,0,1,17.85158
\Users\emman\Formation\P7 SSL\mri_dataset_brain_cancer_oc\sans_label\Unsorted\9ef2b84b-cee8-4b4d-9431-ad40d062cb47.jpg,0,1,19.9546
\Users\emman\Formation\P7 SSL\mri_dataset_brain_cancer_oc\sans_label\Unsorted\9f4332e0-5d98-4ce4-8ce5-c713eacc0081.jpg,0,1,22.230051
\Users\emman\Formation\P7 SSL\mri_dataset_brain_cancer_oc\sans_label\Unsorted\9f94cc07-eb10-48d4-aebe-c88327765a74.jpg,1,0,24.777567
\Users\emman\Formation\P7 SSL\mri_dataset_brain_cancer_oc\sans_label\Unsorted\a0982775-75fb-4f4a-b955-530a0d59ad61.jpg,1,0,17.20151
\Users\emman\Formation\P7 SSL\mri_dataset_brain_cancer_oc\sans_label\Unsorted\a09d7bd5-2c8f-4138-80c0-de1a7f2cd360.jpg,0,1,20.58431
\Users\emman\Formation\P7 SSL\mri_dataset_brain_cancer_oc\sans_label\Unsorted\a152b48e-a831-4ff4-8868-3d870eba4a7f.jpg,1,0,23.731506
\Users\emman\Formation\P7 SSL\mri_dataset_brain_cancer_oc\sans_label\Unsorted\a1841a10-a43f-45b8-8f43-4acc3d2f1f4e.jpg,1,0,22.3062
\Users\emman\Formation\P7 SSL\mri_dataset_brain_cancer_oc\sans_label\Unsorted\a24e6a4f-5dca-498f-9329-1e6cfe84b131.jpg,1,0,23.702211
\Users\emman\Formation\P7 SSL\mri_dataset_brain_cancer_oc\sans_label\Unsorted\a255736e-214b-4b79-8de1-b41896126278.jpg,1,0,18.397194
\Users\emman\Formation\P7 SSL\mri_dataset_brain_cancer_oc\sans_label\Unsorted\a2662c2f-32e2-490d-aece-f0aab3577c95.jpg,1,0,18.083054
\Users\emman\Formation\P7 SSL\mri_dataset_brain_cancer_oc\sans_label\Unsorted\a32947a4-5d48-47b3-ac14-29dc8810e9c0.jpg,1,0,26.024242
\Users\emman\Formation\P7 SSL\mri_dataset_brain_cancer_oc\sans_label\Unsorted\a3625935-0405-40a2-b406-1c412fffc7f3.jpg,1,0,27.885284
\Users\emman\Formation\P7 SSL\mri_dataset_brain_cancer_oc\sans_label\Unsorted\a399a471-fd58-48b0-82a3-5eed99068570.jpg,1,0,22.22253
\Users\emman\Formation\P7 SSL\mri_dataset_brain_cancer_oc\sans_label\Unsorted\a3c09133-febe-4e86-9436-2b892f3a0387.jpg,0,1,17.141514
\Users\emman\Formation\P7 SSL\mri_dataset_brain_cancer_oc\sans_label\Unsorted\a3e38644-10d6-43b0-bac5-1847580bc89d.jpg,1,0,28.28832
\Users\emman\Formation\P7 SSL\mri_dataset_brain_cancer_oc\sans_label\Unsorted\a440576d-e956-4701-934a-b3cf8dc4321d.jpg,0,1,10.821946
\Users\emman\Formation\P7 SSL\mri_dataset_brain_cancer_oc\sans_label\Unsorted\a486acab-bb88-45d9-bba8-632008060dc2.jpg,0,1,13.7449255
\Users\emman\Formation\P7 SSL\mri_dataset_brain_cancer_oc\sans_label\Unsorted\a4db8e48-b4c2-4c58-b51d-c4c9f27db258.jpg,0,1,15.942409
\Users\emman\Formation\P7 SSL\mri_dataset_brain_cancer_oc\sans_label\Unsorted\a5061d81-4ac1-45f2-a3cf-f4450339a17f.jpg,1,0,28.492214
\Users\emman\Formation\P7 SSL\mri_dataset_brain_cancer_oc\sans_label\Unsorted\a506ca92-55af-4bb7-a08e-0680c32a0204.jpg,1,0,25.451601
\Users\emman\Formation\P7 SSL\mri_dataset_brain_cancer_oc\sans_label\Unsorted\a51d702b-501d-4cbb-823d-11ece157fe4f.jpg,1,0,17.95409
\Users\emman\Formation\P7 SSL\mri_dataset_brain_cancer_oc\sans_label\Unsorted\a526c83b-fb91-497a-aded-94e0c8f5a352.jpg,1,0,17.954567
\Users\emman\Formation\P7 SSL\mri_dataset_brain_cancer_oc\sans_label\Unsorted\a694549b-164f-4ab6-8c6e-821661302d50.jpg,1,0,25.11261
\Users\emman\Formation\P7 SSL\mri_dataset_brain_cancer_oc\sans_label\Unsorted\a6e0f28f-6638-4af9-bd2e-2dc8816a7971.jpg,1,0,21.429909
\Users\emman\Formation\P7 SSL\mri_dataset_brain_cancer_oc\sans_label\Unsorted\a6eea4e7-5d58-4dc5-9454-db31b2abac4f.jpg,1,0,26.697588
\Users\emman\Formation\P7 SSL\mri_dataset_brain_cancer_oc\sans_label\Unsorted\a7229906-e5cd-4ae0-9762-f12dbf1a65c7.jpg,1,0,23.19981
\Users\emman\Formation\P7 SSL\mri_dataset_brain_cancer_oc\sans_label\Unsorted\a74cd797-2401-44e9-b29b-e3e125c8e148.jpg,1,0,22.74244
\Users\emman\Formation\P7 SSL\mri_dataset_brain_cancer_oc\sans_label\Unsorted\a766a6c1-a58d-4e3e-a88d-dacbbb7fe49f.jpg,1,0,31.425453
\Users\emman\Formation\P7 SSL\mri_dataset_brain_cancer_oc\sans_label\Unsorted\a77a60c2-a281-456a-9cbc-abff11eb4ecd.jpg,0,1,17.91244
\Users\emman\Formation\P7 SSL\mri_dataset_brain_cancer_oc\sans_label\Unsorted\a8e2d57e-39b3-495c-a585-b2d2d14e0cf3.jpg,1,0,24.263124
\Users\emman\Formation\P7 SSL\mri_dataset_brain_cancer_oc\sans_label\Unsorted\a8e8e276-1bae-4b51-9301-2dda6e7e8b32.jpg,1,0,20.132458
\Users\emman\Formation\P7 SSL\mri_dataset_brain_cancer_oc\sans_label\Unsorted\a941b1d0-6a6c-4957-843e-2cc48011a512.jpg,1,0,22.618086
\Users\emman\Formation\P7 SSL\mri_dataset_brain_cancer_oc\sans_label\Unsorted\a94640dc-32e9-4842-ae35-28769b867234.jpg,1,0,27.816954
\Users\emman\Formation\P7 SSL\mri_dataset_brain_cancer_oc\sans_label\Unsorted\a99cffba-c2d8-422b-9ef7-87390609ce8f.jpg,1,0,17.428461
\Users\emman\Formation\P7 SSL\mri_dataset_brain_cancer_oc\sans_label\Unsorted\aa3b5558-4655-4cc2-a6f1-b7a1183202ec.jpg,1,0,28.979748
\Users\emman\Formation\P7 SSL\mri_dataset_brain_cancer_oc\sans_label\Unsorted\aa461b31-5cc7-4dbf-9519-24197370f2b2.jpg,1,0,24.18284
\Users\emman\Formation\P7 SSL\mri_dataset_brain_cancer_oc\sans_label\Unsorted\aa5fc6b7-117f-4ee3-a003-5cf4fe092ae8.jpg,1,0,20.633701
\Users\emman\Formation\P7 SSL\mri_dataset_brain_cancer_oc\sans_label\Unsorted\aa6a9740-d0df-4132-bd1d-083f5d354ca9.jpg,1,0,21.821707
\Users\emman\Formation\P7 SSL\mri_dataset_brain_cancer_oc\sans_label\Unsorted\aa6adb98-0db9-490e-8c82-f8f1542ad0f3.jpg,0,1,12.999516
\Users\emman\Formation\P7 SSL\mri_dataset_brain_cancer_oc\sans_label\Unsorted\ab0e7755-33af-44b9-81bd-bc82b31aee1e.jpg,0,1,17.389185
\Users\emman\Formation\P7 SSL\mri_dataset_brain_cancer_oc\sans_label\Unsorted\ab397471-9613-408a-8b46-eddde6dcb5d5.jpg,0,1,17.16516
\Users\emman\Formation\P7 SSL\mri_dataset_brain_cancer_oc\sans_label\Unsorted\ababc0c0-83f6-4a4a-93c6-ecc9600659f8.jpg,1,0,18.339804
\Users\emman\Formation\P7 SSL\mri_dataset_brain_cancer_oc\sans_label\Unsorted\ac2dfb66-a006-4e9a-a0c9-3a126d7278c4.jpg,1,0,16.710655
\Users\emman\Formation\P7 SSL\mri_dataset_brain_cancer_oc\sans_label\Unsorted\acad871f-9572-4f2f-b29a-eed3823f2290.jpg,1,0,25.129452
\Users\emman\Formation\P7 SSL\mri_dataset_brain_cancer_oc\sans_label\Unsorted\acb02192-02e1-437d-8c18-caee543a6a91.jpg,1,0,21.37578
\Users\emman\Formation\P7 SSL\mri_dataset_brain_cancer_oc\sans_label\Unsorted\ad54994e-ddfd-42b0-8bc1-421cf121ecfa.jpg,1,0,17.863203
\Users\emman\Formation\P7 SSL\mri_dataset_brain_cancer_oc\sans_label\Unsorted\ade0e9eb-189d-4e9e-8f8a-93f142c99e70.jpg,0,1,18.089294
\Users\emman\Formation\P7 SSL\mri_dataset_brain_cancer_oc\sans_label\Unsorted\adf753d3-b12a-4ab5-9c8a-732f31df7bd2.jpg,1,0,18.755146
\Users\emman\Formation\P7 SSL\mri_dataset_brain_cancer_oc\sans_label\Unsorted\ae368c7a-7dda-438c-ba8e-95be6df4180c.jpg,0,1,19.323627
\Users\emman\Formation\P7 SSL\mri_dataset_brain_cancer_oc\sans_label\Unsorted\ae433b5a-7fe2-4c2e-9e5a-d0c3968b6f93.jpg,0,1,15.773324
\Users\emman\Formation\P7 SSL\mri_dataset_brain_cancer_oc\sans_label\Unsorted\ae976992-00db-4566-8edd-e0813aecbdbf.jpg,1,0,14.524969
\Users\emman\Formation\P7 SSL\mri_dataset_brain_cancer_oc\sans_label\Unsorted\aead6025-7446-4bca-b635-12e9ad466fe3.jpg,1,0,18.193369
\Users\emman\Formation\P7 SSL\mri_dataset_brain_cancer_oc\sans_label\Unsorted\aec1ce1c-8e2a-4fec-bb80-60206e2773f4.jpg,1,0,17.803568
\Users\emman\Formation\P7 SSL\mri_dataset_brain_cancer_oc\sans_label\Unsorted\aed79224-2956-4bb5-9cfe-ba66a0cc2fa3.jpg,1,0,16.606598
\Users\emman\Formation\P7 SSL\mri_dataset_brain_cancer_oc\sans_label\Unsorted\aed7d082-bf4a-4f7b-bcac-437cb3453640.jpg,1,0,19.28213
\Users\emman\Formation\P7 SSL\mri_dataset_brain_cancer_oc\sans_label\Unsorted\afae92bf-17c8-4ffa-ab32-3fb29c79a586.jpg,0,1,28.106636
\Users\emman\Formation\P7 SSL\mri_dataset_brain_cancer_oc\sans_label\Unsorted\aff26bce-b891-41bc-9ee6-b296d8b76f59.jpg,1,0,16.697891
\Users\emman\Formation\P7 SSL\mri_dataset_brain_cancer_oc\sans_label\Unsorted\b0336c35-ecf3-4300-942e-4046e651403a.jpg,1,0,28.027327
\Users\emman\Formation\P7 SSL\mri_dataset_brain_cancer_oc\sans_label\Unsorted\b0919a76-d100-43a1-a5f6-1cd2400909b7.jpg,1,0,22.688478
\Users\emman\Formation\P7 SSL\mri_dataset_brain_cancer_oc\sans_label\Unsorted\b0e5ad1b-ffbc-4ca3-8fc0-a9c3f2843024.jpg,1,0,33.96539
\Users\emman\Formation\P7 SSL\mri_dataset_brain_cancer_oc\sans_label\Unsorted\b0f30a6c-a9d6-4918-8b79-d824fd5c5156.jpg,1,0,30.291279
\Users\emman\Formation\P7 SSL\mri_dataset_brain_cancer_oc\sans_label\Unsorted\b16fb117-880f-4bf2-844c-8fca10f6a8ba.jpg,1,0,16.821966
\Users\emman\Formation\P7 SSL\mri_dataset_brain_cancer_oc\sans_label\Unsorted\b1822f99-76ad-446d-a591-8fcd1ee03b4d.jpg,0,1,17.360613
\Users\emman\Formation\P7 SSL\mri_dataset_brain_cancer_oc\sans_label\Unsorted\b378a02d-501a-4a6c-b7a8-db752f862f42.jpg,0,1,19.033934
\Users\emman\Formation\P7 SSL\mri_dataset_brain_cancer_oc\sans_label\Unsorted\b37f5017-ab4a-4ef4-bf96-e71749d6fd69.jpg,1,0,28.791548
\Users\emman\Formation\P7 SSL\mri_dataset_brain_cancer_oc\sans_label\Unsorted\b3cc2a2a-c893-4007-8923-cf388e074e98.jpg,1,0,24.47371
\Users\emman\Formation\P7 SSL\mri_dataset_brain_cancer_oc\sans_label\Unsorted\b3d19755-4df5-4a8a-9206-92f244ea82bc.jpg,1,0,21.267656
\Users\emman\Formation\P7 SSL\mri_dataset_brain_cancer_oc\sans_label\Unsorted\b3d87e60-cc73-4d1f-93b3-dee5658080d2.jpg,1,0,21.932608
\Users\emman\Formation\P7 SSL\mri_dataset_brain_cancer_oc\sans_label\Unsorted\b439fafb-e052-46ed-a016-7ff5d1807c21.jpg,1,0,25.063633
\Users\emman\Formation\P7 SSL\mri_dataset_brain_cancer_oc\sans_label\Unsorted\b46cabf0-ee01-4350-a395-b6f3f7965550.jpg,1,0,24.653177
\Users\emman\Formation\P7 SSL\mri_dataset_brain_cancer_oc\sans_label\Unsorted\b5a05df2-50ea-435b-8946-f4ba1bb1d9ac.jpg,1,0,16.05415
\Users\emman\Formation\P7 SSL\mri_dataset_brain_cancer_oc\sans_label\Unsorted\b5b311b5-9264-4d34-a9a5-8952ecf727cb.jpg,1,0,20.488214
\Users\emman\Formation\P7 SSL\mri_dataset_brain_cancer_oc\sans_label\Unsorted\b5e72ee8-c802-43d8-b9ec-8e42629a608e.jpg,1,0,22.470943
\Users\emman\Formation\P7 SSL\mri_dataset_brain_cancer_oc\sans_label\Unsorted\b6261bb8-2308-4f80-8535-0f42397c3231.jpg,1,0,24.488869
\Users\emman\Formation\P7 SSL\mri_dataset_brain_cancer_oc\sans_label\Unsorted\b653d469-6c8e-4ff9-b584-f0bb3c6de2f7.jpg,0,1,19.595266
\Users\emman\Formation\P7 SSL\mri_dataset_brain_cancer_oc\sans_label\Unsorted\b65c7ebe-aac9-414e-a9d3-b8205d5d5a23.jpg,1,0,39.804363
\Users\emman\Formation\P7 SSL\mri_dataset_brain_cancer_oc\sans_label\Unsorted\b6a367ea-90ef-4608-8cc4-25d6480f2316.jpg,1,0,13.725299
\Users\emman\Formation\P7 SSL\mri_dataset_brain_cancer_oc\sans_label\Unsorted\b791695b-ae90-4bf2-a21f-49f50473d757.jpg,0,1,16.557251
\Users\emman\Formation\P7 SSL\mri_dataset_brain_cancer_oc\sans_label\Unsorted\b84b03dd-e7ef-4279-b16e-8d15ed3dcf8d.jpg,1,0,19.024782
\Users\emman\Formation\P7 SSL\mri_dataset_brain_cancer_oc\sans_label\Unsorted\b86b9957-2c27-46b3-a81d-67a7d0dca889.jpg,1,0,26.135187
\Users\emman\Formation\P7 SSL\mri_dataset_brain_cancer_oc\sans_label\Unsorted\b8b5d78a-1554-4094-bbdb-437564558675.jpg,1,0,25.518612
\Users\emman\Formation\P7 SSL\mri_dataset_brain_cancer_oc\sans_label\Unsorted\b96121d1-be2e-41ab-a5d1-807f1f07d643.jpg,0,1,16.18986
\Users\emman\Formation\P7 SSL\mri_dataset_brain_cancer_oc\sans_label\Unsorted\b9929535-b604-4eab-9d1b-aa8fd00a5199.jpg,1,0,13.768256
\Users\emman\Formation\P7 SSL\mri_dataset_brain_cancer_oc\sans_label\Unsorted\b9a10b26-a2f4-409c-86af-7a8e32034822.jpg,1,0,26.29663
\Users\emman\Formation\P7 SSL\mri_dataset_brain_cancer_oc\sans_label\Unsorted\b9c3a1cf-596c-48f5-93a2-6b3df977067d.jpg,1,0,34.9955
\Users\emman\Formation\P7 SSL\mri_dataset_brain_cancer_oc\sans_label\Unsorted\b9faf187-8ece-46cc-bcfb-3f6177cf5c74.jpg,1,0,31.521042
\Users\emman\Formation\P7 SSL\mri_dataset_brain_cancer_oc\sans_label\Unsorted\ba976fd5-3416-4147-908c-1eb3c89a9712.jpg,1,0,28.17174
\Users\emman\Formation\P7 SSL\mri_dataset_brain_cancer_oc\sans_label\Unsorted\bb2e08a6-de1e-4098-898d-09bc50cfb2d6.jpg,0,1,19.132029
\Users\emman\Formation\P7 SSL\mri_dataset_brain_cancer_oc\sans_label\Unsorted\bb7be2dc-ad86-4c83-8350-c711317d5fb0.jpg,0,1,14.336442
\Users\emman\Formation\P7 SSL\mri_dataset_brain_cancer_oc\sans_label\Unsorted\bb813aae-eb3f-402f-87ef-4f788ccf542b.jpg,0,1,18.022985
\Users\emman\Formation\P7 SSL\mri_dataset_brain_cancer_oc\sans_label\Unsorted\bbd58dd2-cbac-4bde-8237-53318d52c369.jpg,1,0,30.522934
\Users\emman\Formation\P7 SSL\mri_dataset_brain_cancer_oc\sans_label\Unsorted\bc0d40fa-a3fa-441b-bc86-b54ce94e2d7a.jpg,1,0,21.675104
\Users\emman\Formation\P7 SSL\mri_dataset_brain_cancer_oc\sans_label\Unsorted\bc95a8de-6cba-4948-8a6b-0a0f42e570aa.jpg,1,0,21.082012
\Users\emman\Formation\P7 SSL\mri_dataset_brain_cancer_oc\sans_label\Unsorted\bce45fb4-a4e3-46ad-bd02-a111ef092889.jpg,1,0,23.017319
\Users\emman\Formation\P7 SSL\mri_dataset_brain_cancer_oc\sans_label\Unsorted\bd43b263-5430-4c50-b685-afbed1f0a870.jpg,0,1,20.836563
\Users\emman\Formation\P7 SSL\mri_dataset_brain_cancer_oc\sans_label\Unsorted\bd836b2d-0574-4551-b877-48dcb309d12b.jpg,0,1,12.904983
\Users\emman\Formation\P7 SSL\mri_dataset_brain_cancer_oc\sans_label\Unsorted\bd90cca9-a572-4464-b6fd-edb2af3e9a15.jpg,0,1,26.828123
\Users\emman\Formation\P7 SSL\mri_dataset_brain_cancer_oc\sans_label\Unsorted\bdb59569-ecb6-4ea4-8b48-7bbe75775ca4.jpg,1,0,16.555128
\Users\emman\Formation\P7 SSL\mri_dataset_brain_cancer_oc\sans_label\Unsorted\be331e19-085b-4197-95a8-8c148c815334.jpg,0,1,14.993768
\Users\emman\Formation\P7 SSL\mri_dataset_brain_cancer_oc\sans_label\Unsorted\be37b806-f9a2-4949-a245-a2d6782f2e29.jpg,1,0,21.800817
\Users\emman\Formation\P7 SSL\mri_dataset_brain_cancer_oc\sans_label\Unsorted\be754d13-4280-4fde-a6f1-cd8b899bd71a.jpg,1,0,27.477665
\Users\emman\Formation\P7 SSL\mri_dataset_brain_cancer_oc\sans_label\Unsorted\beab9b35-c1b2-4ad0-90f5-41c773f135ff.jpg,1,0,16.86782
\Users\emman\Formation\P7 SSL\mri_dataset_brain_cancer_oc\sans_label\Unsorted\beee84d9-4e44-430a-aaf0-4e54b2bed5e5.jpg,1,0,26.647236
\Users\emman\Formation\P7 SSL\mri_dataset_brain_cancer_oc\sans_label\Unsorted\bef3673e-fe67-4c99-b706-8b9cd3b5e6c6.jpg,0,1,19.093117
\Users\emman\Formation\P7 SSL\mri_dataset_brain_cancer_oc\sans_label\Unsorted\bfb57862-59ff-4192-9b27-cb09620612b4.jpg,1,0,20.389917
\Users\emman\Formation\P7 SSL\mri_dataset_brain_cancer_oc\sans_label\Unsorted\bfbbb8e6-e856-4b37-a623-adc115a549d7.jpg,1,0,17.52791
\Users\emman\Formation\P7 SSL\mri_dataset_brain_cancer_oc\sans_label\Unsorted\bfe2c7a0-03d8-4981-ae18-b7ee0130bc11.jpg,1,0,22.727882
\Users\emman\Formation\P7 SSL\mri_dataset_brain_cancer_oc\sans_label\Unsorted\c03777e7-cd5b-4678-b23c-c23bda2cb73d.jpg,1,0,20.867727
\Users\emman\Formation\P7 SSL\mri_dataset_brain_cancer_oc\sans_label\Unsorted\c1031cf0-6eb2-4413-ae12-cc281fb560c5.jpg,1,0,19.986465
\Users\emman\Formation\P7 SSL\mri_dataset_brain_cancer_oc\sans_label\Unsorted\c268e736-3706-4f9d-9da5-d5a089549c05.jpg,1,0,23.491077
\Users\emman\Formation\P7 SSL\mri_dataset_brain_cancer_oc\sans_label\Unsorted\c26a9f25-f9a6-49d3-b090-cb5b04287bc0.jpg,1,0,28.417658
\Users\emman\Formation\P7 SSL\mri_dataset_brain_cancer_oc\sans_label\Unsorted\c2a80dba-936c-4924-9f26-6de0e9aa082f.jpg,1,0,25.870312
\Users\emman\Formation\P7 SSL\mri_dataset_brain_cancer_oc\sans_label\Unsorted\c2a831ad-4d6e-45ec-a308-d873662a9fff.jpg,1,0,30.727457
\Users\emman\Formation\P7 SSL\mri_dataset_brain_cancer_oc\sans_label\Unsorted\c3305fd4-95c1-4761-bd6c-f8969a1f631e.jpg,1,0,22.454071
\Users\emman\Formation\P7 SSL\mri_dataset_brain_cancer_oc\sans_label\Unsorted\c3548ce6-14fd-4747-99d2-a498ec2a89dc.jpg,1,0,28.826012
\Users\emman\Formation\P7 SSL\mri_dataset_brain_cancer_oc\sans_label\Unsorted\c357845a-2ebc-4dec-a129-59c1b34283a1.jpg,0,1,18.338654
\Users\emman\Formation\P7 SSL\mri_dataset_brain_cancer_oc\sans_label\Unsorted\c3b3d8bc-8c66-41fb-9cee-1e461377b8b8.jpg,1,0,13.156716
\Users\emman\Formation\P7 SSL\mri_dataset_brain_cancer_oc\sans_label\Unsorted\c4ae2e45-ed52-4c37-b411-0f432b3e8b5b.jpg,0,1,14.832952
\Users\emman\Formation\P7 SSL\mri_dataset_brain_cancer_oc\sans_label\Unsorted\c4d9b988-8e7d-4f8c-9f67-d34f275a1c41.jpg,0,1,16.760624
\Users\emman\Formation\P7 SSL\mri_dataset_brain_cancer_oc\sans_label\Unsorted\c50d1338-01bb-4862-aa2e-b4e009052b7b.jpg,1,0,23.518764
\Users\emman\Formation\P7 SSL\mri_dataset_brain_cancer_oc\sans_label\Unsorted\c5dbb237-8720-48a0-8413-b4659a622100.jpg,1,0,26.316195
\Users\emman\Formation\P7 SSL\mri_dataset_brain_cancer_oc\sans_label\Unsorted\c697f7b8-a805-453b-9f5b-cf0b4f451a33.jpg,1,0,19.595865
\Users\emman\Formation\P7 SSL\mri_dataset_brain_cancer_oc\sans_label\Unsorted\c6c9465b-6a3f-44d0-ad3a-06d0f7129afd.jpg,0,1,15.791848
\Users\emman\Formation\P7 SSL\mri_dataset_brain_cancer_oc\sans_label\Unsorted\c6fe9750-9be5-4537-abff-cbd0b5c331d2.jpg,1,0,29.099209
\Users\emman\Formation\P7 SSL\mri_dataset_brain_cancer_oc\sans_label\Unsorted\c7050e6d-4a2a-4089-9777-a16c76406873.jpg,1,0,16.054644
\Users\emman\Formation\P7 SSL\mri_dataset_brain_cancer_oc\sans_label\Unsorted\c7173cc9-2971-4803-9490-9d43481b70e4.jpg,0,1,19.70055
\Users\emman\Formation\P7 SSL\mri_dataset_brain_cancer_oc\sans_label\Unsorted\c74a8b21-5af5-42c7-bfed-aa96645fab2d.jpg,1,0,24.552382
\Users\emman\Formation\P7 SSL\mri_dataset_brain_cancer_oc\sans_label\Unsorted\c74fcab6-8da1-4f76-b150-4c0ecfa45b3f.jpg,1,0,21.653269
\Users\emman\Formation\P7 SSL\mri_dataset_brain_cancer_oc\sans_label\Unsorted\c75f863f-2106-4c73-bc21-1730b4399373.jpg,1,0,15.543229
\Users\emman\Formation\P7 SSL\mri_dataset_brain_cancer_oc\sans_label\Unsorted\c7cad843-f751-49a4-ab34-f812e74fc243.jpg,0,1,16.854448
\Users\emman\Formation\P7 SSL\mri_dataset_brain_cancer_oc\sans_label\Unsorted\c803aed7-757d-42f7-92ee-363b9dc79499.jpg,1,0,19.091295
\Users\emman\Formation\P7 SSL\mri_dataset_brain_cancer_oc\sans_label\Unsorted\c849d1d1-4c2e-4724-a671-3f6d42f77bfa.jpg,1,0,32.123184
\Users\emman\Formation\P7 SSL\mri_dataset_brain_cancer_oc\sans_label\Unsorted\c856da77-71b1-4e2f-9ddb-93d279822202.jpg,1,0,32.43605
\Users\emman\Formation\P7 SSL\mri_dataset_brain_cancer_oc\sans_label\Unsorted\c8ebc7e1-3459-48bc-a223-2b990f2c8bc1.jpg,1,0,14.216938
\Users\emman\Formation\P7 SSL\mri_dataset_brain_cancer_oc\sans_label\Unsorted\c916fc23-28a8-46cd-baae-ba91c6413489.jpg,1,0,15.287235
\Users\emman\Formation\P7 SSL\mri_dataset_brain_cancer_oc\sans_label\Unsorted\c985dd7a-d3de-4c84-9266-953a930bd722.jpg,1,0,27.947462
\Users\emman\Formation\P7 SSL\mri_dataset_brain_cancer_oc\sans_label\Unsorted\c9c47489-cccf-4acd-88ce-1d2943e5bb6e.jpg,1,0,15.21937
\Users\emman\Formation\P7 SSL\mri_dataset_brain_cancer_oc\sans_label\Unsorted\ca1f5dd4-ad42-49c5-825e-403288d98532.jpg,0,1,22.239012
\Users\emman\Formation\P7 SSL\mri_dataset_brain_cancer_oc\sans_label\Unsorted\ca23f926-8c7a-4b3d-bc38-4df80d9ef7c7.jpg,0,1,20.140879
\Users\emman\Formation\P7 SSL\mri_dataset_brain_cancer_oc\sans_label\Unsorted\ca46237d-f96c-4c3f-ae44-e96a6765dbba.jpg,1,0,18.099419
\Users\emman\Formation\P7 SSL\mri_dataset_brain_cancer_oc\sans_label\Unsorted\ca4af252-283a-4391-9c9b-3355c9e4f63d.jpg,1,0,21.637108
\Users\emman\Formation\P7 SSL\mri_dataset_brain_cancer_oc\sans_label\Unsorted\caccba4d-45cf-4224-a100-1fba0556a251.jpg,1,0,30.351833
\Users\emman\Formation\P7 SSL\mri_dataset_brain_cancer_oc\sans_label\Unsorted\cae04dd3-0b80-44f6-b7cf-e063e6ee3b41.jpg,1,0,17.428461
\Users\emman\Formation\P7 SSL\mri_dataset_brain_cancer_oc\sans_label\Unsorted\cb7e304d-7a40-4092-afe3-a12844b6efed.jpg,1,0,17.754122
\Users\emman\Formation\P7 SSL\mri_dataset_brain_cancer_oc\sans_label\Unsorted\cbd10737-c463-46b0-9ddd-13f87c351984.jpg,0,1,19.101748
\Users\emman\Formation\P7 SSL\mri_dataset_brain_cancer_oc\sans_label\Unsorted\cc16dfb4-6bd5-45ef-b9b9-53df49f47dc0.jpg,1,0,31.627224
\Users\emman\Formation\P7 SSL\mri_dataset_brain_cancer_oc\sans_label\Unsorted\cc418ab8-4267-43b1-85ca-00462bc8ff27.jpg,0,1,15.743399
\Users\emman\Formation\P7 SSL\mri_dataset_brain_cancer_oc\sans_label\Unsorted\cca25e7c-12af-4c98-ac09-608461469d78.jpg,1,0,16.338972
\Users\emman\Formation\P7 SSL\mri_dataset_brain_cancer_oc\sans_label\Unsorted\ccee99bd-8a46-42d0-a09b-a2b200dd8bc0.jpg,1,0,22.430403
\Users\emman\Formation\P7 SSL\mri_dataset_brain_cancer_oc\sans_label\Unsorted\cd061095-1cd3-495e-b6ba-d1aec5b17381.jpg,1,0,39.291943
\Users\emman\Formation\P7 SSL\mri_dataset_brain_cancer_oc\sans_label\Unsorted\cd33e4c7-bcfd-4228-9976-d480100a74dd.jpg,1,0,34.693913
\Users\emman\Formation\P7 SSL\mri_dataset_brain_cancer_oc\sans_label\Unsorted\cd80f16b-58b8-46a4-bb62-c5040bf63eeb.jpg,1,0,26.53587
\Users\emman\Formation\P7 SSL\mri_dataset_brain_cancer_oc\sans_label\Unsorted\cdab3f1d-500d-42ac-9607-eff2574279ea.jpg,1,0,26.377579
\Users\emman\Formation\P7 SSL\mri_dataset_brain_cancer_oc\sans_label\Unsorted\cebb51d7-8c39-48fa-bb82-0d76501be768.jpg,0,1,22.5372
\Users\emman\Formation\P7 SSL\mri_dataset_brain_cancer_oc\sans_label\Unsorted\cf0cf298-45f4-4e43-a388-5a0d5f4b6095.jpg,0,1,37.879177
\Users\emman\Formation\P7 SSL\mri_dataset_brain_cancer_oc\sans_label\Unsorted\cf1f019d-a700-43ac-878c-e8107bd89405.jpg,0,1,18.666079
\Users\emman\Formation\P7 SSL\mri_dataset_brain_cancer_oc\sans_label\Unsorted\d01ff5af-6826-4ccd-96d0-23ba9c87fece.jpg,1,0,13.684641
\Users\emman\Formation\P7 SSL\mri_dataset_brain_cancer_oc\sans_label\Unsorted\d079d7c0-4ffd-4f31-92eb-f753c0241b1c.jpg,1,0,32.35231
\Users\emman\Formation\P7 SSL\mri_dataset_brain_cancer_oc\sans_label\Unsorted\d0b3497e-5c45-4131-8e33-772abeffdb32.jpg,1,0,17.800226
\Users\emman\Formation\P7 SSL\mri_dataset_brain_cancer_oc\sans_label\Unsorted\d13b0b94-56e2-42b4-ba15-118e88182695.jpg,1,0,17.895357
\Users\emman\Formation\P7 SSL\mri_dataset_brain_cancer_oc\sans_label\Unsorted\d1459a4b-d693-41dd-84b1-743482796c97.jpg,1,0,20.058521
\Users\emman\Formation\P7 SSL\mri_dataset_brain_cancer_oc\sans_label\Unsorted\d1e2f491-54bb-43d0-bc7e-fb7d33bca568.jpg,1,0,24.060644
\Users\emman\Formation\P7 SSL\mri_dataset_brain_cancer_oc\sans_label\Unsorted\d21475c8-c0f1-4a42-a38e-f567b088e541.jpg,0,1,11.301251
\Users\emman\Formation\P7 SSL\mri_dataset_brain_cancer_oc\sans_label\Unsorted\d2a035b7-4cf5-4a47-8e2c-b37344f54906.jpg,1,0,17.786947
\Users\emman\Formation\P7 SSL\mri_dataset_brain_cancer_oc\sans_label\Unsorted\d41b45f0-ff39-43cd-a839-8f4999bf3b02.jpg,1,0,16.860552
\Users\emman\Formation\P7 SSL\mri_dataset_brain_cancer_oc\sans_label\Unsorted\d4a1159a-7792-4948-a646-e3ca6d4353a1.jpg,0,1,27.693466
\Users\emman\Formation\P7 SSL\mri_dataset_brain_cancer_oc\sans_label\Unsorted\d4b29b8d-2d7c-4856-8e61-6119104a1486.jpg,1,0,20.018515
\Users\emman\Formation\P7 SSL\mri_dataset_brain_cancer_oc\sans_label\Unsorted\d4e48d7d-a758-48d0-820a-9bfca5247ff3.jpg,1,0,36.266468
\Users\emman\Formation\P7 SSL\mri_dataset_brain_cancer_oc\sans_label\Unsorted\d4e9afda-0833-4af9-ba63-152e615de954.jpg,1,0,24.263123
\Users\emman\Formation\P7 SSL\mri_dataset_brain_cancer_oc\sans_label\Unsorted\d51fe3e6-8514-4b2c-aae8-40de18c3a086.jpg,1,0,24.787752
\Users\emman\Formation\P7 SSL\mri_dataset_brain_cancer_oc\sans_label\Unsorted\d6e6492e-d3f2-4799-89fb-9582ad25c7be.jpg,0,1,20.123629
\Users\emman\Formation\P7 SSL\mri_dataset_brain_cancer_oc\sans_label\Unsorted\d72ef72f-db7a-4581-ad4e-b86cd54f8b6c.jpg,1,0,26.359322
\Users\emman\Formation\P7 SSL\mri_dataset_brain_cancer_oc\sans_label\Unsorted\d77c68f7-fc7b-4271-95ef-f9fee3a0a411.jpg,1,0,37.96594
\Users\emman\Formation\P7 SSL\mri_dataset_brain_cancer_oc\sans_label\Unsorted\d78d1699-60a9-4e5c-9e62-891e750cbab2.jpg,0,1,24.248886
\Users\emman\Formation\P7 SSL\mri_dataset_brain_cancer_oc\sans_label\Unsorted\d7ba45a9-fa5b-42a8-9115-26f4b02b0d26.jpg,1,0,23.167612
\Users\emman\Formation\P7 SSL\mri_dataset_brain_cancer_oc\sans_label\Unsorted\d8a60e0b-1c69-4a5a-9d22-61496a1c0b62.jpg,1,0,21.269491
\Users\emman\Formation\P7 SSL\mri_dataset_brain_cancer_oc\sans_label\Unsorted\d9041cf9-c600-4b70-8d1d-6b51a4bf8bd5.jpg,1,0,26.130703
\Users\emman\Formation\P7 SSL\mri_dataset_brain_cancer_oc\sans_label\Unsorted\d909a015-9977-49ac-9620-1f8644d5c0a2.jpg,1,0,26.91124
\Users\emman\Formation\P7 SSL\mri_dataset_brain_cancer_oc\sans_label\Unsorted\d9e61628-22de-403a-af05-a4ec0d7767f2.jpg,1,0,20.251278
\Users\emman\Formation\P7 SSL\mri_dataset_brain_cancer_oc\sans_label\Unsorted\da5006db-24c8-4cd8-898a-65806cece24e.jpg,1,0,17.869598
\Users\emman\Formation\P7 SSL\mri_dataset_brain_cancer_oc\sans_label\Unsorted\da97d7fe-ecc6-4288-a4bd-e2adbfd5b6af.jpg,1,0,18.017553
\Users\emman\Formation\P7 SSL\mri_dataset_brain_cancer_oc\sans_label\Unsorted\dab3f580-9417-4c84-9aa7-66b7d25e68fb.jpg,1,0,24.517027
\Users\emman\Formation\P7 SSL\mri_dataset_brain_cancer_oc\sans_label\Unsorted\dba564f3-2f3a-416a-ae6b-f9716549c9ef.jpg,0,1,20.229984
\Users\emman\Formation\P7 SSL\mri_dataset_brain_cancer_oc\sans_label\Unsorted\dc02d801-1fa9-40a5-8555-1e9d00475723.jpg,1,0,16.939331
\Users\emman\Formation\P7 SSL\mri_dataset_brain_cancer_oc\sans_label\Unsorted\dd1afec0-2697-45b5-a0f2-e4e26acfce72.jpg,1,0,15.940386
\Users\emman\Formation\P7 SSL\mri_dataset_brain_cancer_oc\sans_label\Unsorted\dd2eb4e7-90a3-4801-ab47-b94dee64eab2.jpg,1,0,20.97681
\Users\emman\Formation\P7 SSL\mri_dataset_brain_cancer_oc\sans_label\Unsorted\dd5f74ca-1881-4834-9908-477097ed8e20.jpg,0,1,18.564728
\Users\emman\Formation\P7 SSL\mri_dataset_brain_cancer_oc\sans_label\Unsorted\dda4e1f7-3614-4903-a53f-45a9b838d785.jpg,1,0,26.146265
\Users\emman\Formation\P7 SSL\mri_dataset_brain_cancer_oc\sans_label\Unsorted\ddee2693-8c67-46ff-aaaa-6258cefa88d0.jpg,0,1,22.443115
\Users\emman\Formation\P7 SSL\mri_dataset_brain_cancer_oc\sans_label\Unsorted\de13eaea-429f-4c54-b2f4-b7cf1300f44c.jpg,1,0,21.440674
\Users\emman\Formation\P7 SSL\mri_dataset_brain_cancer_oc\sans_label\Unsorted\de19d8fc-0059-4bbe-b6df-d10b68613494.jpg,1,0,16.202
\Users\emman\Formation\P7 SSL\mri_dataset_brain_cancer_oc\sans_label\Unsorted\de1c68e5-fbc2-48a4-a19f-c5c8905b9b24.jpg,1,0,22.929209
\Users\emman\Formation\P7 SSL\mri_dataset_brain_cancer_oc\sans_label\Unsorted\df1daf0e-8da4-4cb2-b0d9-b539980d292b.jpg,1,0,16.48294
\Users\emman\Formation\P7 SSL\mri_dataset_brain_cancer_oc\sans_label\Unsorted\df677e2c-cf70-4a66-8c01-53bf805c8956.jpg,0,1,15.093736
\Users\emman\Formation\P7 SSL\mri_dataset_brain_cancer_oc\sans_label\Unsorted\df9ced05-9dc8-4d23-9b5b-ba587bd8d732.jpg,1,0,30.644625
\Users\emman\Formation\P7 SSL\mri_dataset_brain_cancer_oc\sans_label\Unsorted\e0b8c2ee-5521-4b40-8196-5ae4dee04737.jpg,1,0,34.74093
\Users\emman\Formation\P7 SSL\mri_dataset_brain_cancer_oc\sans_label\Unsorted\e1a64f26-0a88-4168-9512-e9444df90d9c.jpg,0,1,18.161036
\Users\emman\Formation\P7 SSL\mri_dataset_brain_cancer_oc\sans_label\Unsorted\e1f0b2f9-7016-439b-ae96-b10a4f1b75b1.jpg,1,0,28.135855
\Users\emman\Formation\P7 SSL\mri_dataset_brain_cancer_oc\sans_label\Unsorted\e2e331c7-2658-4a22-afef-59a66e2e36f5.jpg,1,0,23.844887
\Users\emman\Formation\P7 SSL\mri_dataset_brain_cancer_oc\sans_label\Unsorted\e31ccf86-45ab-42b1-9cb2-46f7ac5970a1.jpg,1,0,30.781223
\Users\emman\Formation\P7 SSL\mri_dataset_brain_cancer_oc\sans_label\Unsorted\e33926b9-f786-48d3-8690-6720daea325c.jpg,0,1,13.605531
\Users\emman\Formation\P7 SSL\mri_dataset_brain_cancer_oc\sans_label\Unsorted\e37116d4-26f1-4aec-b4fa-f51d00435a33.jpg,1,0,21.822348
\Users\emman\Formation\P7 SSL\mri_dataset_brain_cancer_oc\sans_label\Unsorted\e3821332-345c-4d90-a70f-4d7e459569dd.jpg,1,0,22.833485
\Users\emman\Formation\P7 SSL\mri_dataset_brain_cancer_oc\sans_label\Unsorted\e435db67-2d1f-472d-950c-079edf57fadd.jpg,1,0,19.132915
\Users\emman\Formation\P7 SSL\mri_dataset_brain_cancer_oc\sans_label\Unsorted\e46a0c90-ec2d-41e3-942d-15e749b5da98.jpg,1,0,15.978663
\Users\emman\Formation\P7 SSL\mri_dataset_brain_cancer_oc\sans_label\Unsorted\e4830e27-67b7-4086-bc6f-d68d8e081f20.jpg,1,0,19.429285
\Users\emman\Formation\P7 SSL\mri_dataset_brain_cancer_oc\sans_label\Unsorted\e4ae580f-2ed4-4203-9b0e-56892b986336.jpg,1,0,19.409002
\Users\emman\Formation\P7 SSL\mri_dataset_brain_cancer_oc\sans_label\Unsorted\e596b9ee-1cc4-4bac-944f-fc380a5b924a.jpg,1,0,25.10579
\Users\emman\Formation\P7 SSL\mri_dataset_brain_cancer_oc\sans_label\Unsorted\e657f03a-f04a-4493-baa6-ccb7848c8fe7.jpg,1,0,22.797808
\Users\emman\Formation\P7 SSL\mri_dataset_brain_cancer_oc\sans_label\Unsorted\e69bc3be-ff42-4189-b00a-bc077cf2a284.jpg,1,0,23.295647
\Users\emman\Formation\P7 SSL\mri_dataset_brain_cancer_oc\sans_label\Unsorted\e6c71dca-2fbf-4534-8003-b007d6d2f01f.jpg,1,0,23.96897
\Users\emman\Formation\P7 SSL\mri_dataset_brain_cancer_oc\sans_label\Unsorted\e70d0fb8-18b5-4d81-9e36-770a43ff8bc0.jpg,1,0,17.902832
\Users\emman\Formation\P7 SSL\mri_dataset_brain_cancer_oc\sans_label\Unsorted\e71917e5-06af-4d12-855f-1066bff881a6.jpg,1,0,24.14924
\Users\emman\Formation\P7 SSL\mri_dataset_brain_cancer_oc\sans_label\Unsorted\e7f5be64-b2c8-4a5d-887b-30525048c54f.jpg,1,0,17.617586
\Users\emman\Formation\P7 SSL\mri_dataset_brain_cancer_oc\sans_label\Unsorted\e9721e3a-e3c6-4a09-9b30-3c82b809069e.jpg,1,0,29.864708
\Users\emman\Formation\P7 SSL\mri_dataset_brain_cancer_oc\sans_label\Unsorted\e9e0a6e5-db85-431a-b015-a86c65f06776.jpg,1,0,26.361467
\Users\emman\Formation\P7 SSL\mri_dataset_brain_cancer_oc\sans_label\Unsorted\ea0f9b11-26a3-4c46-b323-81010860c9b1.jpg,1,0,14.216938
\Users\emman\Formation\P7 SSL\mri_dataset_brain_cancer_oc\sans_label\Unsorted\ea1df053-c052-4e74-a728-af2a197589b8.jpg,1,0,27.238543
\Users\emman\Formation\P7 SSL\mri_dataset_brain_cancer_oc\sans_label\Unsorted\ea40a05f-f03c-4923-aa49-11b27e3e9d57.jpg,0,1,16.630049
\Users\emman\Formation\P7 SSL\mri_dataset_brain_cancer_oc\sans_label\Unsorted\ea862723-cd8a-40d1-bce6-a004996997d8.jpg,1,0,15.115372
\Users\emman\Formation\P7 SSL\mri_dataset_brain_cancer_oc\sans_label\Unsorted\ea962881-8a48-41a4-ae4a-ec6819d348c3.jpg,1,0,23.278088
\Users\emman\Formation\P7 SSL\mri_dataset_brain_cancer_oc\sans_label\Unsorted\eb986a31-64da-4e15-8246-16f8f6668649.jpg,1,0,22.329277
\Users\emman\Formation\P7 SSL\mri_dataset_brain_cancer_oc\sans_label\Unsorted\ec526767-f086-4dbe-ae3a-412f79a9edd0.jpg,1,0,20.069311
\Users\emman\Formation\P7 SSL\mri_dataset_brain_cancer_oc\sans_label\Unsorted\ec607df6-c21e-47c3-a8bd-bf381690cb7e.jpg,1,0,24.200548
\Users\emman\Formation\P7 SSL\mri_dataset_brain_cancer_oc\sans_label\Unsorted\eca6422c-b1dd-4d70-a161-cce649119176.jpg,1,0,25.185965
\Users\emman\Formation\P7 SSL\mri_dataset_brain_cancer_oc\sans_label\Unsorted\ecd494ef-9aed-48e7-a2a3-99c91b46bfed.jpg,0,1,31.390055
\Users\emman\Formation\P7 SSL\mri_dataset_brain_cancer_oc\sans_label\Unsorted\ecdd85a0-adc9-4db5-acb5-23c4b010ead1.jpg,1,0,26.597296
\Users\emman\Formation\P7 SSL\mri_dataset_brain_cancer_oc\sans_label\Unsorted\ed07b9e0-d1b3-4a93-bdc7-c77c3b5037d9.jpg,1,0,26.050789
\Users\emman\Formation\P7 SSL\mri_dataset_brain_cancer_oc\sans_label\Unsorted\ed19a5b5-cf55-4914-be64-ec18ef8a896d.jpg,0,1,20.663414
\Users\emman\Formation\P7 SSL\mri_dataset_brain_cancer_oc\sans_label\Unsorted\ed1fea6a-ba35-471e-963e-05ee5d67fd63.jpg,0,1,20.319965
\Users\emman\Formation\P7 SSL\mri_dataset_brain_cancer_oc\sans_label\Unsorted\ed723d8e-2323-4570-87a3-938e3e1c3a32.jpg,1,0,22.494835
\Users\emman\Formation\P7 SSL\mri_dataset_brain_cancer_oc\sans_label\Unsorted\ed88b81e-bd84-4048-a38a-a59259f51dc2.jpg,1,0,18.815813
\Users\emman\Formation\P7 SSL\mri_dataset_brain_cancer_oc\sans_label\Unsorted\edb3ee76-6415-4115-b3de-2968b0be5006.jpg,1,0,27.596659
\Users\emman\Formation\P7 SSL\mri_dataset_brain_cancer_oc\sans_label\Unsorted\ee6a4eb1-2297-45aa-a9d6-706a9dc84004.jpg,1,0,22.024715
\Users\emman\Formation\P7 SSL\mri_dataset_brain_cancer_oc\sans_label\Unsorted\ee7a051d-5eb9-4d36-9eac-d0f1e6749978.jpg,0,1,27.693466
\Users\emman\Formation\P7 SSL\mri_dataset_brain_cancer_oc\sans_label\Unsorted\ee86a462-65df-4c23-88cf-3d92e54de3f5.jpg,1,0,13.355387
\Users\emman\Formation\P7 SSL\mri_dataset_brain_cancer_oc\sans_label\Unsorted\eeb3d054-1112-4072-af58-8311d03fdba6.jpg,0,1,16.209595
\Users\emman\Formation\P7 SSL\mri_dataset_brain_cancer_oc\sans_label\Unsorted\eebd905c-ee0f-44aa-a33f-fea3fab843a0.jpg,1,0,25.06457
\Users\emman\Formation\P7 SSL\mri_dataset_brain_cancer_oc\sans_label\Unsorted\ef7ead73-4d2a-4c20-a056-5ded13f40bfd.jpg,1,0,24.69605
\Users\emman\Formation\P7 SSL\mri_dataset_brain_cancer_oc\sans_label\Unsorted\f028075c-66fb-4764-acfb-39b1daeba4e6.jpg,1,0,21.267656
\Users\emman\Formation\P7 SSL\mri_dataset_brain_cancer_oc\sans_label\Unsorted\f052ad55-d9ab-446a-a19d-e85ff46f138c.jpg,1,0,40.199184
\Users\emman\Formation\P7 SSL\mri_dataset_brain_cancer_oc\sans_label\Unsorted\f059ae69-f3e0-4c16-8fbb-0b8c94ea31a1.jpg,0,1,21.614002
\Users\emman\Formation\P7 SSL\mri_dataset_brain_cancer_oc\sans_label\Unsorted\f0b03911-2262-43b9-9e50-30a1bf93f2e0.jpg,1,0,21.836763
\Users\emman\Formation\P7 SSL\mri_dataset_brain_cancer_oc\sans_label\Unsorted\f1917d55-39f9-4ed9-9e49-f65c7b15a875.jpg,1,0,16.116653
\Users\emman\Formation\P7 SSL\mri_dataset_brain_cancer_oc\sans_label\Unsorted\f199a8c8-85b6-49f4-bebc-f5ba26ff7852.jpg,1,0,22.395615
\Users\emman\Formation\P7 SSL\mri_dataset_brain_cancer_oc\sans_label\Unsorted\f19d1ab2-b3ec-439b-8b5b-2b455aee74ae.jpg,1,0,20.830818
\Users\emman\Formation\P7 SSL\mri_dataset_brain_cancer_oc\sans_label\Unsorted\f1c3b35d-c786-4675-a685-8801b87bbf20.jpg,0,1,24.50551
\Users\emman\Formation\P7 SSL\mri_dataset_brain_cancer_oc\sans_label\Unsorted\f20fb1f7-b654-4f7e-81d9-6ffa24df7d19.jpg,1,0,22.656397
\Users\emman\Formation\P7 SSL\mri_dataset_brain_cancer_oc\sans_label\Unsorted\f2dc984e-3f0f-4d13-9301-f9e0b0e4e51e.jpg,0,1,12.076983
\Users\emman\Formation\P7 SSL\mri_dataset_brain_cancer_oc\sans_label\Unsorted\f2dd3eb8-320d-4e4a-b6d3-f76642ac654d.jpg,0,1,16.725746
\Users\emman\Formation\P7 SSL\mri_dataset_brain_cancer_oc\sans_label\Unsorted\f2f97064-fd8d-4147-95cd-a180cfcfb913.jpg,1,0,22.924412
\Users\emman\Formation\P7 SSL\mri_dataset_brain_cancer_oc\sans_label\Unsorted\f35bfd59-19e6-4ec8-85b6-0fef8699f961.jpg,1,0,23.161104
\Users\emman\Formation\P7 SSL\mri_dataset_brain_cancer_oc\sans_label\Unsorted\f3bd1d86-a448-4578-a47c-9a4c826403b1.jpg,1,0,20.651537
\Users\emman\Formation\P7 SSL\mri_dataset_brain_cancer_oc\sans_label\Unsorted\f4047893-67fd-4a03-b0b6-dd7ecde83e41.jpg,1,0,21.763317
\Users\emman\Formation\P7 SSL\mri_dataset_brain_cancer_oc\sans_label\Unsorted\f4067a4d-8d5b-4823-9a3f-741fafc822c2.jpg,1,0,28.27736
\Users\emman\Formation\P7 SSL\mri_dataset_brain_cancer_oc\sans_label\Unsorted\f4f16fea-acba-43fb-b742-3b6b9c9243b0.jpg,1,0,23.70686
\Users\emman\Formation\P7 SSL\mri_dataset_brain_cancer_oc\sans_label\Unsorted\f5013582-f682-4d08-8b7e-a6bc599f2137.jpg,1,0,22.413351
\Users\emman\Formation\P7 SSL\mri_dataset_brain_cancer_oc\sans_label\Unsorted\f5034c6f-a2da-4bb6-b3e2-c0159e7c05e7.jpg,1,0,22.98891
\Users\emman\Formation\P7 SSL\mri_dataset_brain_cancer_oc\sans_label\Unsorted\f525c3c4-ade2-4726-916e-25b8e7a78ed3.jpg,1,0,13.360954
\Users\emman\Formation\P7 SSL\mri_dataset_brain_cancer_oc\sans_label\Unsorted\f52abe7f-be3d-4428-8c75-a9e08f981f0b.jpg,1,0,14.3358345
\Users\emman\Formation\P7 SSL\mri_dataset_brain_cancer_oc\sans_label\Unsorted\f54be614-be07-4c7c-b361-0a2eef1ed4d7.jpg,1,0,21.066446
\Users\emman\Formation\P7 SSL\mri_dataset_brain_cancer_oc\sans_label\Unsorted\f583ab0b-992e-49ec-bc2b-ef9672e6789d.jpg,1,0,28.907015
\Users\emman\Formation\P7 SSL\mri_dataset_brain_cancer_oc\sans_label\Unsorted\f586d603-9443-482c-9953-929dbccb173a.jpg,0,1,17.935638
\Users\emman\Formation\P7 SSL\mri_dataset_brain_cancer_oc\sans_label\Unsorted\f58f4241-dafe-44ef-bf60-83929ed64b06.jpg,1,0,30.426323
\Users\emman\Formation\P7 SSL\mri_dataset_brain_cancer_oc\sans_label\Unsorted\f5b50212-f975-4a37-afa5-032b2a003298.jpg,1,0,24.777567
\Users\emman\Formation\P7 SSL\mri_dataset_brain_cancer_oc\sans_label\Unsorted\f5ded837-56e3-4590-b567-fbd1b71f3da8.jpg,1,0,20.770395
\Users\emman\Formation\P7 SSL\mri_dataset_brain_cancer_oc\sans_label\Unsorted\f5e0d8e5-d8be-4308-9584-808d88d6ae98.jpg,1,0,19.619013
\Users\emman\Formation\P7 SSL\mri_dataset_brain_cancer_oc\sans_label\Unsorted\f6a21abe-1f7c-4bba-8f41-46db83b082e7.jpg,1,0,19.379856
\Users\emman\Formation\P7 SSL\mri_dataset_brain_cancer_oc\sans_label\Unsorted\f6e10c2b-4aa7-49c4-bad2-dbd47dd30a78.jpg,1,0,34.32951
\Users\emman\Formation\P7 SSL\mri_dataset_brain_cancer_oc\sans_label\Unsorted\f6e3df92-dfef-4c23-af5c-26994759f219.jpg,1,0,14.861839
\Users\emman\Formation\P7 SSL\mri_dataset_brain_cancer_oc\sans_label\Unsorted\f7227dc6-cfd1-486b-a85f-9a9ec21766f3.jpg,1,0,17.857687
\Users\emman\Formation\P7 SSL\mri_dataset_brain_cancer_oc\sans_label\Unsorted\f7bd52a1-eeaf-4480-a85c-53bdaf755cff.jpg,1,0,19.833689
\Users\emman\Formation\P7 SSL\mri_dataset_brain_cancer_oc\sans_label\Unsorted\f7ef8c54-df83-47af-8cd1-a6bf96731e35.jpg,1,0,23.336897
\Users\emman\Formation\P7 SSL\mri_dataset_brain_cancer_oc\sans_label\Unsorted\f825d461-7eb0-4bed-b0e3-f0c0ebde2cd5.jpg,1,0,24.332357
\Users\emman\Formation\P7 SSL\mri_dataset_brain_cancer_oc\sans_label\Unsorted\f8dda423-2779-4a01-a985-b8f09bcb0c01.jpg,1,0,33.04124
\Users\emman\Formation\P7 SSL\mri_dataset_brain_cancer_oc\sans_label\Unsorted\f9466180-1e6b-4152-9176-6b4e2dc186ed.jpg,0,1,33.26055
\Users\emman\Formation\P7 SSL\mri_dataset_brain_cancer_oc\sans_label\Unsorted\f9aed2f0-899f-4bc9-b915-85401fa29062.jpg,1,0,24.642843
\Users\emman\Formation\P7 SSL\mri_dataset_brain_cancer_oc\sans_label\Unsorted\f9d0f331-0474-44b7-b06d-adebdf1b0d5b.jpg,1,0,23.83821
\Users\emman\Formation\P7 SSL\mri_dataset_brain_cancer_oc\sans_label\Unsorted\f9d60d23-9fd7-4c00-b06e-c262559c15ad.jpg,1,0,14.086233
\Users\emman\Formation\P7 SSL\mri_dataset_brain_cancer_oc\sans_label\Unsorted\fa19fe6b-0859-4a56-94dd-62c88812fd23.jpg,0,1,17.548489
\Users\emman\Formation\P7 SSL\mri_dataset_brain_cancer_oc\sans_label\Unsorted\fa9d7caf-6d7b-4a43-8d9f-00f2fc2d5944.jpg,1,0,28.361952
\Users\emman\Formation\P7 SSL\mri_dataset_brain_cancer_oc\sans_label\Unsorted\fac74fac-c0ed-45d1-853a-482ac8bf14f9.jpg,1,0,17.65918
\Users\emman\Formation\P7 SSL\mri_dataset_brain_cancer_oc\sans_label\Unsorted\fb656613-7355-4508-ba32-7a633b9f3397.jpg,1,0,20.877516
\Users\emman\Formation\P7 SSL\mri_dataset_brain_cancer_oc\sans_label\Unsorted\fb9d36e6-f30c-4943-8f6a-adfdcaac2356.jpg,1,0,19.702156
\Users\emman\Formation\P7 SSL\mri_dataset_brain_cancer_oc\sans_label\Unsorted\fbe0b07a-b152-45f3-8a65-61e7e4ef554a.jpg,1,0,25.998432
\Users\emman\Formation\P7 SSL\mri_dataset_brain_cancer_oc\sans_label\Unsorted\fc82dbe0-6824-4ac8-a4a0-612f5ea53a98.jpg,1,0,22.868673
\Users\emman\Formation\P7 SSL\mri_dataset_brain_cancer_oc\sans_label\Unsorted\fcc19978-f859-462a-b392-eb31378af641.jpg,0,1,19.901487
\Users\emman\Formation\P7 SSL\mri_dataset_brain_cancer_oc\sans_label\Unsorted\fcf1c2ea-fe58-495e-b7b9-c30ee111b9cc.jpg,1,0,14.086233
\Users\emman\Formation\P7 SSL\mri_dataset_brain_cancer_oc\sans_label\Unsorted\fdb0e481-28f5-44c5-bda7-21651af175cf.jpg,1,0,24.718458
\Users\emman\Formation\P7 SSL\mri_dataset_brain_cancer_oc\sans_label\Unsorted\fe4454fb-f164-40a8-b7ec-dca240430694.jpg,1,0,22.797806
\Users\emman\Formation\P7 SSL\mri_dataset_brain_cancer_oc\sans_label\Unsorted\ff93375a-a8ea-4c44-9679-8b62ff51b9ef.jpg,0,1,19.506464
\Users\emman\Formation\P7 SSL\mri_dataset_brain_cancer_oc\sans_label\Unsorted\ffab85a5-cdb8-4c32-aa75-926199136003.jpg,1,0,20.302906
